Data,Qobs
01/01/1985,19.513
01/02/1985,15.23
01/03/1985,12.898
01/04/1985,11.395
01/05/1985,11.767
01/06/1985,12.898
01/07/1985,14.443
01/08/1985,59.971
01/09/1985,61.879
01/10/1985,44.464
01/11/1985,31.29
01/12/1985,19.513
01/13/1985,15.23
01/14/1985,14.053
01/15/1985,12.898
01/16/1985,11.767
01/17/1985,26.697
01/18/1985,24.025
01/19/1985,24.909
01/20/1985,21.849
01/21/1985,22.931
01/22/1985,62.976
01/23/1985,101.803
01/24/1985,99.904
01/25/1985,112.081
01/26/1985,80.517
01/27/1985,59.971
01/28/1985,44.718
01/29/1985,31.29
01/30/1985,26.472
01/31/1985,23.586
02/01/1985,23.586
02/02/1985,26.023
02/03/1985,23.149
02/04/1985,21.206
02/05/1985,21.42
02/06/1985,20.144
02/07/1985,17.852
02/08/1985,16.227
02/09/1985,17.647
02/10/1985,21.206
02/11/1985,56.196
02/12/1985,58.886
02/13/1985,45.226
02/14/1985,44.718
02/15/1985,41.696
02/16/1985,39.956
02/17/1985,33.41
02/18/1985,28.973
02/19/1985,22.931
02/20/1985,17.852
02/21/1985,20.144
02/22/1985,37.013
02/23/1985,23.805
02/24/1985,18.678
02/25/1985,22.065
02/26/1985,33.886
02/27/1985,33.886
02/28/1985,51.69
03/01/1985,59.428
03/02/1985,51.427
03/03/1985,37.013
03/04/1985,32.936
03/05/1985,26.472
03/06/1985,21.42
03/07/1985,22.714
03/08/1985,35.321
03/09/1985,37.5
03/10/1985,85.789
03/11/1985,159.087
03/12/1985,134.723
03/13/1985,77.91
03/14/1985,43.452
03/15/1985,59.428
03/16/1985,104.03
03/17/1985,131.328
03/18/1985,131.328
03/19/1985,58.886
03/20/1985,39.215
03/21/1985,33.173
03/22/1985,28.973
03/23/1985,25.353
03/24/1985,24.245
03/25/1985,22.714
03/26/1985,22.281
03/27/1985,21.849
03/28/1985,20.993
03/29/1985,20.993
03/30/1985,20.993
03/31/1985,20.993
04/01/1985,20.993
04/02/1985,19.933
04/03/1985,18.886
04/04/1985,17.443
04/05/1985,24.025
04/06/1985,27.149
04/07/1985,23.586
04/08/1985,22.931
04/09/1985,49.34
04/10/1985,51.427
04/11/1985,33.886
04/12/1985,29.895
04/13/1985,30.358
04/14/1985,31.758
04/15/1985,37.256
04/16/1985,83.436
04/17/1985,94.885
04/18/1985,68.525
04/19/1985,50.642
04/20/1985,33.886
04/21/1985,27.375
04/22/1985,23.367
04/23/1985,19.722
04/24/1985,18.058
04/25/1985,22.281
04/26/1985,28.286
04/27/1985,31.29
04/28/1985,30.358
04/29/1985,31.29
04/30/1985,29.664
05/01/1985,25.576
05/02/1985,20.567
05/03/1985,19.094
05/04/1985,17.852
05/05/1985,16.832
05/06/1985,16.428
05/07/1985,16.026
05/08/1985,15.23
05/09/1985,15.23
05/10/1985,14.835
05/11/1985,14.053
05/12/1985,14.053
05/13/1985,13.28
05/14/1985,12.898
05/15/1985,12.898
05/16/1985,12.518
05/17/1985,12.518
05/18/1985,12.898
05/19/1985,20.355
05/20/1985,21.849
05/21/1985,21.634
05/22/1985,17.239
05/23/1985,15.23
05/24/1985,14.443
05/25/1985,13.665
05/26/1985,13.665
05/27/1985,13.28
05/28/1985,13.28
05/29/1985,12.898
05/30/1985,13.28
05/31/1985,12.898
06/01/1985,13.859
06/02/1985,16.63
06/03/1985,28.514
06/04/1985,23.586
06/05/1985,20.993
06/06/1985,20.144
06/07/1985,18.058
06/08/1985,16.227
06/09/1985,14.443
06/10/1985,13.665
06/11/1985,13.28
06/12/1985,13.28
06/13/1985,13.28
06/14/1985,13.28
06/15/1985,13.28
06/16/1985,13.28
06/17/1985,13.28
06/18/1985,13.28
06/19/1985,13.28
06/20/1985,13.28
06/21/1985,12.898
06/22/1985,12.518
06/23/1985,12.141
06/24/1985,11.767
06/25/1985,11.767
06/26/1985,11.395
06/27/1985,11.395
06/28/1985,11.395
06/29/1985,11.395
06/30/1985,11.395
07/01/1985,11.395
07/02/1985,11.395
07/03/1985,11.395
07/04/1985,11.395
07/05/1985,11.395
07/06/1985,11.395
07/07/1985,10.958
07/08/1985,10.958
07/09/1985,10.958
07/10/1985,10.633
07/11/1985,10.313
07/12/1985,10.313
07/13/1985,10.313
07/14/1985,10.313
07/15/1985,10.313
07/16/1985,10.313
07/17/1985,10.313
07/18/1985,10.313
07/19/1985,10.313
07/20/1985,10.313
07/21/1985,10.313
07/22/1985,9.998
07/23/1985,9.998
07/24/1985,9.998
07/25/1985,9.998
07/26/1985,9.998
07/27/1985,9.998
07/28/1985,9.998
07/29/1985,9.687
07/30/1985,9.687
07/31/1985,9.687
08/01/1985,9.687
08/02/1985,9.687
08/03/1985,9.687
08/04/1985,9.381
08/05/1985,9.381
08/06/1985,9.381
08/07/1985,9.381
08/08/1985,9.381
08/09/1985,9.381
08/10/1985,9.08
08/11/1985,9.08
08/12/1985,9.08
08/13/1985,9.08
08/14/1985,9.08
08/15/1985,9.08
08/16/1985,8.783
08/17/1985,8.783
08/18/1985,8.783
08/19/1985,8.783
08/20/1985,8.783
08/21/1985,8.783
08/22/1985,8.783
08/23/1985,9.381
08/24/1985,9.687
08/25/1985,9.381
08/26/1985,9.08
08/27/1985,8.783
08/28/1985,8.783
08/29/1985,8.783
08/30/1985,8.783
08/31/1985,9.08
09/01/1985,9.534
09/02/1985,11.395
09/03/1985,10.958
09/04/1985,10.958
09/05/1985,11.767
09/06/1985,12.898
09/07/1985,13.472
09/08/1985,10.633
09/09/1985,9.687
09/10/1985,9.687
09/11/1985,9.381
09/12/1985,9.08
09/13/1985,9.08
09/14/1985,8.783
09/15/1985,8.491
09/16/1985,8.204
09/17/1985,7.921
09/18/1985,7.921
09/19/1985,7.921
09/20/1985,7.921
09/21/1985,7.644
09/22/1985,7.644
09/23/1985,7.371
09/24/1985,7.371
09/25/1985,7.371
09/26/1985,7.371
09/27/1985,7.102
09/28/1985,7.102
09/29/1985,7.371
09/30/1985,7.921
10/01/1985,8.204
10/02/1985,7.921
10/03/1985,7.644
10/04/1985,7.644
10/05/1985,7.644
10/06/1985,7.644
10/07/1985,7.371
10/08/1985,7.371
10/09/1985,7.102
10/10/1985,7.102
10/11/1985,7.102
10/12/1985,7.102
10/13/1985,7.102
10/14/1985,6.839
10/15/1985,6.839
10/16/1985,6.839
10/17/1985,6.839
10/18/1985,6.839
10/19/1985,7.102
10/20/1985,6.58
10/21/1985,6.326
10/22/1985,6.326
10/23/1985,6.076
10/24/1985,6.076
10/25/1985,6.076
10/26/1985,6.076
10/27/1985,6.076
10/28/1985,6.076
10/29/1985,10.958
10/30/1985,13.665
10/31/1985,12.141
11/01/1985,13.28
11/02/1985,15.428
11/03/1985,19.513
11/04/1985,24.025
11/05/1985,16.832
11/06/1985,15.23
11/07/1985,13.472
11/08/1985,9.998
11/09/1985,7.644
11/10/1985,7.371
11/11/1985,7.102
11/12/1985,6.839
11/13/1985,6.58
11/14/1985,6.58
11/15/1985,6.58
11/16/1985,6.326
11/17/1985,6.326
11/18/1985,6.076
11/19/1985,6.076
11/20/1985,6.076
11/21/1985,9.381
11/22/1985,8.783
11/23/1985,7.371
11/24/1985,13.28
11/25/1985,17.852
11/26/1985,12.898
11/27/1985,13.28
11/28/1985,16.428
11/29/1985,16.026
11/30/1985,15.627
12/01/1985,9.998
12/02/1985,7.644
12/03/1985,7.644
12/04/1985,7.644
12/05/1985,7.371
12/06/1985,7.371
12/07/1985,7.644
12/08/1985,7.644
12/09/1985,8.204
12/10/1985,7.644
12/11/1985,7.102
12/12/1985,7.102
12/13/1985,6.839
12/14/1985,6.839
12/15/1985,6.839
12/16/1985,35.081
12/17/1985,10.313
12/18/1985,8.783
12/19/1985,7.921
12/20/1985,7.921
12/21/1985,7.921
12/22/1985,7.921
12/23/1985,8.783
12/24/1985,13.665
12/25/1985,19.094
12/26/1985,34.602
12/27/1985,20.78
12/28/1985,20.144
12/29/1985,39.215
12/30/1985,30.126
12/31/1985,13.665
01/01/1986,11.395
01/02/1986,10.633
01/03/1986,10.313
01/04/1986,10.313
01/05/1986,10.958
01/06/1986,11.767
01/07/1986,11.395
01/08/1986,11.395
01/09/1986,11.395
01/10/1986,13.28
01/11/1986,15.826
01/12/1986,19.513
01/13/1986,27.375
01/14/1986,22.497
01/15/1986,20.993
01/16/1986,18.058
01/17/1986,12.708
01/18/1986,12.898
01/19/1986,12.518
01/20/1986,8.783
01/21/1986,9.842
01/22/1986,14.443
01/23/1986,13.665
01/24/1986,15.23
01/25/1986,16.428
01/26/1986,19.303
01/27/1986,17.443
01/28/1986,15.23
01/29/1986,14.443
01/30/1986,11.58
01/31/1986,8.491
02/01/1986,8.204
02/02/1986,8.204
02/03/1986,9.08
02/04/1986,9.842
02/05/1986,11.767
02/06/1986,12.898
02/07/1986,14.835
02/08/1986,15.428
02/09/1986,17.647
02/10/1986,16.227
02/11/1986,14.443
02/12/1986,13.28
02/13/1986,12.329
02/14/1986,13.28
02/15/1986,15.428
02/16/1986,14.247
02/17/1986,15.627
02/18/1986,17.035
02/19/1986,20.144
02/20/1986,48.562
02/21/1986,69.086
02/22/1986,68.245
02/23/1986,44.972
02/24/1986,26.248
02/25/1986,18.678
02/26/1986,28.514
02/27/1986,22.931
02/28/1986,19.722
03/01/1986,43.452
03/02/1986,45.226
03/03/1986,25.576
03/04/1986,37.5
03/05/1986,80.517
03/06/1986,65.459
03/07/1986,89.049
03/08/1986,93.951
03/09/1986,69.929
03/10/1986,54.33
03/11/1986,47.016
03/12/1986,37.988
03/13/1986,32.464
03/14/1986,28.743
03/15/1986,24.025
03/16/1986,19.933
03/17/1986,20.78
03/18/1986,19.933
03/19/1986,20.144
03/20/1986,43.958
03/21/1986,31.29
03/22/1986,20.144
03/23/1986,18.264
03/24/1986,17.239
03/25/1986,18.678
03/26/1986,47.273
03/27/1986,82.558
03/28/1986,50.12
03/29/1986,49.08
03/30/1986,47.273
03/31/1986,38.723
04/01/1986,28.057
04/02/1986,22.714
04/03/1986,15.23
04/04/1986,14.835
04/05/1986,14.835
04/06/1986,14.835
04/07/1986,14.053
04/08/1986,13.665
04/09/1986,13.665
04/10/1986,13.28
04/11/1986,13.665
04/12/1986,13.28
04/13/1986,13.28
04/14/1986,12.518
04/15/1986,23.805
04/16/1986,41.197
04/17/1986,21.42
04/18/1986,19.722
04/19/1986,17.852
04/20/1986,16.832
04/21/1986,22.497
04/22/1986,53.799
04/23/1986,28.514
04/24/1986,14.835
04/25/1986,12.518
04/26/1986,12.141
04/27/1986,11.767
04/28/1986,11.395
04/29/1986,10.958
04/30/1986,10.958
05/01/1986,10.633
05/02/1986,10.633
05/03/1986,10.633
05/04/1986,10.313
05/05/1986,10.313
05/06/1986,10.313
05/07/1986,10.313
05/08/1986,12.141
05/09/1986,14.053
05/10/1986,14.053
05/11/1986,14.443
05/12/1986,14.443
05/13/1986,14.835
05/14/1986,13.859
05/15/1986,12.329
05/16/1986,11.395
05/17/1986,13.472
05/18/1986,18.886
05/19/1986,45.736
05/20/1986,26.697
05/21/1986,14.835
05/22/1986,14.443
05/23/1986,14.443
05/24/1986,14.053
05/25/1986,14.053
05/26/1986,33.41
05/27/1986,33.41
05/28/1986,19.513
05/29/1986,16.026
05/30/1986,12.898
05/31/1986,12.141
06/01/1986,11.767
06/02/1986,11.767
06/03/1986,11.395
06/04/1986,11.395
06/05/1986,11.395
06/06/1986,11.395
06/07/1986,10.958
06/08/1986,10.958
06/09/1986,10.958
06/10/1986,10.958
06/11/1986,10.633
06/12/1986,9.998
06/13/1986,9.998
06/14/1986,9.687
06/15/1986,9.687
06/16/1986,9.687
06/17/1986,9.998
06/18/1986,9.687
06/19/1986,9.687
06/20/1986,9.687
06/21/1986,9.687
06/22/1986,9.381
06/23/1986,9.381
06/24/1986,9.381
06/25/1986,9.381
06/26/1986,9.381
06/27/1986,9.381
06/28/1986,9.08
06/29/1986,9.08
06/30/1986,9.08
07/01/1986,9.08
07/02/1986,9.08
07/03/1986,8.783
07/04/1986,8.491
07/05/1986,8.491
07/06/1986,8.491
07/07/1986,8.204
07/08/1986,8.204
07/09/1986,8.204
07/10/1986,8.204
07/11/1986,8.204
07/12/1986,7.921
07/13/1986,7.921
07/14/1986,7.921
07/15/1986,7.921
07/16/1986,7.921
07/17/1986,7.644
07/18/1986,7.644
07/19/1986,7.644
07/20/1986,7.921
07/21/1986,10.633
07/22/1986,13.28
07/23/1986,11.767
07/24/1986,10.313
07/25/1986,9.381
07/26/1986,9.08
07/27/1986,9.08
07/28/1986,8.783
07/29/1986,8.204
07/30/1986,8.204
07/31/1986,8.204
08/01/1986,8.491
08/02/1986,8.491
08/03/1986,9.08
08/04/1986,8.491
08/05/1986,8.491
08/06/1986,8.491
08/07/1986,8.491
08/08/1986,8.204
08/09/1986,8.204
08/10/1986,8.204
08/11/1986,7.921
08/12/1986,7.921
08/13/1986,8.491
08/14/1986,8.783
08/15/1986,8.783
08/16/1986,8.783
08/17/1986,10.633
08/18/1986,9.534
08/19/1986,9.08
08/20/1986,9.08
08/21/1986,33.648
08/22/1986,48.821
08/23/1986,51.427
08/24/1986,35.803
08/25/1986,26.923
08/26/1986,24.687
08/27/1986,16.227
08/28/1986,14.053
08/29/1986,12.898
08/30/1986,11.767
08/31/1986,10.633
09/01/1986,9.998
09/02/1986,9.381
09/03/1986,9.08
09/04/1986,9.08
09/05/1986,8.783
09/06/1986,8.783
09/07/1986,8.783
09/08/1986,8.783
09/09/1986,8.783
09/10/1986,8.204
09/11/1986,8.204
09/12/1986,8.204
09/13/1986,7.921
09/14/1986,7.644
09/15/1986,7.644
09/16/1986,7.644
09/17/1986,7.921
09/18/1986,7.644
09/19/1986,7.371
09/20/1986,7.371
09/21/1986,7.644
09/22/1986,9.381
09/23/1986,8.491
09/24/1986,7.921
09/25/1986,7.644
09/26/1986,8.783
09/27/1986,11.953
09/28/1986,15.428
09/29/1986,14.247
09/30/1986,12.329
10/01/1986,10.633
10/02/1986,9.08
10/03/1986,7.644
10/04/1986,7.371
10/05/1986,7.102
10/06/1986,7.102
10/07/1986,6.839
10/08/1986,7.236
10/09/1986,7.371
10/10/1986,7.782
10/11/1986,8.491
10/12/1986,7.921
10/13/1986,7.644
10/14/1986,7.371
10/15/1986,7.102
10/16/1986,7.371
10/17/1986,7.102
10/18/1986,7.102
10/19/1986,6.839
10/20/1986,7.644
10/21/1986,9.842
10/22/1986,15.23
10/23/1986,12.141
10/24/1986,8.931
10/25/1986,8.062
10/26/1986,7.371
10/27/1986,7.921
10/28/1986,7.644
10/29/1986,7.371
10/30/1986,7.102
10/31/1986,7.102
11/01/1986,7.102
11/02/1986,9.687
11/03/1986,14.053
11/04/1986,12.518
11/05/1986,9.998
11/06/1986,14.835
11/07/1986,20.355
11/08/1986,14.835
11/09/1986,13.859
11/10/1986,13.089
11/11/1986,31.29
11/12/1986,44.211
11/13/1986,21.42
11/14/1986,10.313
11/15/1986,9.08
11/16/1986,8.637
11/17/1986,7.921
11/18/1986,7.371
11/19/1986,6.839
11/20/1986,6.326
11/21/1986,7.102
11/22/1986,7.921
11/23/1986,6.58
11/24/1986,6.326
11/25/1986,6.076
11/26/1986,7.371
11/27/1986,7.921
11/28/1986,7.644
11/29/1986,9.08
11/30/1986,13.665
12/01/1986,26.248
12/02/1986,41.696
12/03/1986,49.34
12/04/1986,38.233
12/05/1986,40.451
12/06/1986,40.699
12/07/1986,31.524
12/08/1986,23.586
12/09/1986,20.567
12/10/1986,20.993
12/11/1986,41.446
12/12/1986,43.705
12/13/1986,24.025
12/14/1986,12.898
12/15/1986,8.637
12/16/1986,17.647
12/17/1986,20.993
12/18/1986,31.524
12/19/1986,24.245
12/20/1986,22.714
12/21/1986,32.228
12/22/1986,43.705
12/23/1986,77.621
12/24/1986,46.247
12/25/1986,41.946
12/26/1986,43.452
12/27/1986,50.12
12/28/1986,58.076
12/29/1986,80.517
12/30/1986,79.066
12/31/1986,81.39
01/01/1987,56.732
01/02/1987,38.723
01/03/1987,69.086
01/04/1987,98.643
01/05/1987,81.973
01/06/1987,69.086
01/07/1987,41.446
01/08/1987,31.758
01/09/1987,24.909
01/10/1987,21.42
01/11/1987,29.203
01/12/1987,23.367
01/13/1987,26.697
01/14/1987,22.497
01/15/1987,20.993
01/16/1987,18.678
01/17/1987,25.576
01/18/1987,20.993
01/19/1987,17.852
01/20/1987,14.247
01/21/1987,14.053
01/22/1987,14.053
01/23/1987,25.353
01/24/1987,22.497
01/25/1987,22.714
01/26/1987,22.714
01/27/1987,68.805
01/28/1987,70.21
01/29/1987,79.645
01/30/1987,71.339
01/31/1987,94.885
02/01/1987,98.643
02/02/1987,78.776
02/03/1987,83.436
02/04/1987,67.406
02/05/1987,40.948
02/06/1987,30.823
02/07/1987,28.514
02/08/1987,24.466
02/09/1987,37.988
02/10/1987,72.472
02/11/1987,65.737
02/12/1987,66.292
02/13/1987,76.47
02/14/1987,64.077
02/15/1987,62.976
02/16/1987,96.759
02/17/1987,86.971
02/18/1987,44.972
02/19/1987,40.948
02/20/1987,37.5
02/21/1987,32.7
02/22/1987,28.973
02/23/1987,26.248
02/24/1987,24.025
02/25/1987,28.514
02/26/1987,23.149
02/27/1987,21.849
02/28/1987,21.42
03/01/1987,21.42
03/02/1987,20.993
03/03/1987,20.567
03/04/1987,18.058
03/05/1987,14.835
03/06/1987,16.428
03/07/1987,18.471
03/08/1987,20.993
03/09/1987,89.346
03/10/1987,74.18
03/11/1987,55.394
03/12/1987,36.528
03/13/1987,27.602
03/14/1987,25.799
03/15/1987,33.173
03/16/1987,28.973
03/17/1987,26.248
03/18/1987,22.281
03/19/1987,20.567
03/20/1987,19.303
03/21/1987,18.471
03/22/1987,17.647
03/23/1987,17.239
03/24/1987,17.239
03/25/1987,16.832
03/26/1987,16.428
03/27/1987,15.627
03/28/1987,15.23
03/29/1987,14.835
03/30/1987,14.835
03/31/1987,14.443
04/01/1987,14.053
04/02/1987,14.053
04/03/1987,17.239
04/04/1987,17.239
04/05/1987,21.849
04/06/1987,25.353
04/07/1987,22.714
04/08/1987,22.714
04/09/1987,19.722
04/10/1987,15.23
04/11/1987,14.443
04/12/1987,14.443
04/13/1987,13.665
04/14/1987,14.443
04/15/1987,18.058
04/16/1987,18.886
04/17/1987,18.886
04/18/1987,17.239
04/19/1987,16.428
04/20/1987,16.026
04/21/1987,34.602
04/22/1987,21.849
04/23/1987,17.647
04/24/1987,15.627
04/25/1987,14.053
04/26/1987,12.898
04/27/1987,12.518
04/28/1987,12.141
04/29/1987,11.767
04/30/1987,11.767
05/01/1987,11.395
05/02/1987,10.958
05/03/1987,10.958
05/04/1987,10.958
05/05/1987,24.909
05/06/1987,40.451
05/07/1987,26.248
05/08/1987,23.149
05/09/1987,21.42
05/10/1987,45.991
05/11/1987,68.525
05/12/1987,38.969
05/13/1987,30.823
05/14/1987,24.909
05/15/1987,23.149
05/16/1987,20.993
05/17/1987,18.471
05/18/1987,27.149
05/19/1987,28.057
05/20/1987,28.973
05/21/1987,32.228
05/22/1987,30.358
05/23/1987,29.433
05/24/1987,28.514
05/25/1987,27.602
05/26/1987,25.353
05/27/1987,23.149
05/28/1987,21.849
05/29/1987,20.567
05/30/1987,18.886
05/31/1987,18.058
06/01/1987,17.239
06/02/1987,16.832
06/03/1987,16.026
06/04/1987,16.026
06/05/1987,15.23
06/06/1987,15.23
06/07/1987,16.428
06/08/1987,14.835
06/09/1987,14.443
06/10/1987,14.443
06/11/1987,14.443
06/12/1987,14.443
06/13/1987,14.443
06/14/1987,14.443
06/15/1987,16.026
06/16/1987,25.353
06/17/1987,19.722
06/18/1987,16.832
06/19/1987,14.835
06/20/1987,14.835
06/21/1987,14.443
06/22/1987,14.443
06/23/1987,14.053
06/24/1987,14.053
06/25/1987,13.665
06/26/1987,13.28
06/27/1987,13.28
06/28/1987,13.28
06/29/1987,13.665
06/30/1987,14.053
07/01/1987,14.053
07/02/1987,13.665
07/03/1987,13.28
07/04/1987,13.28
07/05/1987,13.28
07/06/1987,13.28
07/07/1987,13.28
07/08/1987,13.28
07/09/1987,13.665
07/10/1987,14.835
07/11/1987,14.053
07/12/1987,13.665
07/13/1987,13.28
07/14/1987,12.141
07/15/1987,10.958
07/16/1987,10.958
07/17/1987,10.958
07/18/1987,10.633
07/19/1987,10.633
07/20/1987,10.313
07/21/1987,10.313
07/22/1987,10.313
07/23/1987,10.313
07/24/1987,9.998
07/25/1987,9.998
07/26/1987,9.998
07/27/1987,9.687
07/28/1987,9.687
07/29/1987,9.381
07/30/1987,9.08
07/31/1987,9.08
08/01/1987,9.08
08/02/1987,9.08
08/03/1987,9.08
08/04/1987,10.958
08/05/1987,10.633
08/06/1987,10.633
08/07/1987,10.958
08/08/1987,10.633
08/09/1987,10.313
08/10/1987,9.998
08/11/1987,9.687
08/12/1987,9.687
08/13/1987,9.687
08/14/1987,9.381
08/15/1987,9.08
08/16/1987,8.783
08/17/1987,8.783
08/18/1987,9.381
08/19/1987,9.687
08/20/1987,10.633
08/21/1987,10.958
08/22/1987,10.313
08/23/1987,9.687
08/24/1987,9.381
08/25/1987,9.381
08/26/1987,9.381
08/27/1987,9.08
08/28/1987,9.08
08/29/1987,9.08
08/30/1987,9.08
08/31/1987,9.08
09/01/1987,9.08
09/02/1987,9.08
09/03/1987,9.08
09/04/1987,9.08
09/05/1987,9.08
09/06/1987,9.08
09/07/1987,9.381
09/08/1987,9.381
09/09/1987,9.381
09/10/1987,10.633
09/11/1987,11.395
09/12/1987,11.395
09/13/1987,10.958
09/14/1987,10.633
09/15/1987,9.687
09/16/1987,10.313
09/17/1987,11.767
09/18/1987,10.958
09/19/1987,10.313
09/20/1987,9.687
09/21/1987,12.141
09/22/1987,30.358
09/23/1987,22.714
09/24/1987,18.058
09/25/1987,14.835
09/26/1987,11.767
09/27/1987,11.395
09/28/1987,10.633
09/29/1987,10.313
09/30/1987,9.687
10/01/1987,9.381
10/02/1987,9.687
10/03/1987,9.687
10/04/1987,9.998
10/05/1987,13.665
10/06/1987,51.165
10/07/1987,40.948
10/08/1987,26.697
10/09/1987,16.428
10/10/1987,10.958
10/11/1987,9.998
10/12/1987,9.381
10/13/1987,9.381
10/14/1987,9.08
10/15/1987,9.08
10/16/1987,13.665
10/17/1987,17.239
10/18/1987,11.395
10/19/1987,13.28
10/20/1987,12.141
10/21/1987,10.958
10/22/1987,9.687
10/23/1987,9.08
10/24/1987,8.491
10/25/1987,8.204
10/26/1987,7.921
10/27/1987,8.491
10/28/1987,8.491
10/29/1987,8.783
10/30/1987,8.491
10/31/1987,8.491
11/01/1987,8.491
11/02/1987,9.08
11/03/1987,9.381
11/04/1987,9.08
11/05/1987,9.998
11/06/1987,9.687
11/07/1987,9.381
11/08/1987,9.08
11/09/1987,8.783
11/10/1987,10.958
11/11/1987,12.518
11/12/1987,17.647
11/13/1987,33.648
11/14/1987,43.452
11/15/1987,47.016
11/16/1987,39.462
11/17/1987,23.586
11/18/1987,18.471
11/19/1987,14.835
11/20/1987,14.835
11/21/1987,15.627
11/22/1987,15.23
11/23/1987,18.886
11/24/1987,16.428
11/25/1987,19.722
11/26/1987,22.714
11/27/1987,23.149
11/28/1987,22.714
11/29/1987,19.303
11/30/1987,16.832
12/01/1987,15.627
12/02/1987,18.058
12/03/1987,20.993
12/04/1987,28.057
12/05/1987,28.057
12/06/1987,22.714
12/07/1987,21.849
12/08/1987,14.835
12/09/1987,12.518
12/10/1987,18.471
12/11/1987,18.471
12/12/1987,17.239
12/13/1987,16.026
12/14/1987,14.053
12/15/1987,12.518
12/16/1987,13.665
12/17/1987,16.832
12/18/1987,33.173
12/19/1987,30.358
12/20/1987,23.149
12/21/1987,26.248
12/22/1987,71.905
12/23/1987,73.609
12/24/1987,54.861
12/25/1987,41.446
12/26/1987,32.7
12/27/1987,24.909
12/28/1987,18.886
12/29/1987,17.239
12/30/1987,15.627
12/31/1987,15.23
01/01/1988,15.23
01/02/1988,15.23
01/03/1988,14.835
01/04/1988,14.443
01/05/1988,14.835
01/06/1988,28.514
01/07/1988,117.971
01/08/1988,90.548
01/09/1988,104.349
01/10/1988,146.429
01/11/1988,164.081
01/12/1988,125.942
01/13/1988,93.02
01/14/1988,60.787
01/15/1988,27.602
01/16/1988,27.149
01/17/1988,26.697
01/18/1988,26.248
01/19/1988,25.799
01/20/1988,25.353
01/21/1988,24.466
01/22/1988,23.586
01/23/1988,24.466
01/24/1988,29.433
01/25/1988,28.973
01/26/1988,35.562
01/27/1988,35.081
01/28/1988,30.823
01/29/1988,35.081
01/30/1988,26.248
01/31/1988,24.466
02/01/1988,22.281
02/02/1988,20.993
02/03/1988,20.144
02/04/1988,20.993
02/05/1988,28.973
02/06/1988,23.149
02/07/1988,22.714
02/08/1988,22.281
02/09/1988,22.714
02/10/1988,32.7
02/11/1988,36.044
02/12/1988,93.64
02/13/1988,79.936
02/14/1988,42.446
02/15/1988,34.124
02/16/1988,25.353
02/17/1988,38.478
02/18/1988,48.562
02/19/1988,54.33
02/20/1988,51.165
02/21/1988,45.991
02/22/1988,37.013
02/23/1988,30.823
02/24/1988,34.602
02/25/1988,37.5
02/26/1988,68.525
02/27/1988,83.436
02/28/1988,78.776
02/29/1988,81.682
03/01/1988,110.783
03/02/1988,148.52
03/03/1988,166.952
03/04/1988,184.619
03/05/1988,211.877
03/06/1988,217.477
03/07/1988,210.021
03/08/1988,170.601
03/09/1988,136.087
03/10/1988,123.27
03/11/1988,93.64
03/12/1988,69.647
03/13/1988,48.045
03/14/1988,28.057
03/15/1988,23.149
03/16/1988,22.714
03/17/1988,52.742
03/18/1988,110.783
03/19/1988,140.889
03/20/1988,80.517
03/21/1988,51.165
03/22/1988,48.562
03/23/1988,44.464
03/24/1988,41.946
03/25/1988,38.478
03/26/1988,34.602
03/27/1988,30.823
03/28/1988,28.514
03/29/1988,27.149
03/30/1988,26.248
03/31/1988,23.586
04/01/1988,28.74990947
04/02/1988,33.14291794
04/03/1988,35.91941084
04/04/1988,37.72224285
04/05/1988,38.64080211
04/06/1988,39.0284392
04/07/1988,39.10186241
04/08/1988,38.99546474
04/09/1988,38.7950302
04/10/1988,38.55926235
04/11/1988,38.33452822
04/12/1988,38.16651066
04/13/1988,38.11168812
04/14/1988,38.25151744
04/15/1988,38.71287238
04/16/1988,39.69985764
04/17/1988,41.54496773
04/18/1988,44.4685769
04/19/1988,48.53990415
04/20/1988,53.799
04/21/1988,52.215
04/22/1988,40.451
04/23/1988,37.5
04/24/1988,24.466
04/25/1988,24.56496271
04/26/1988,26.49280092
04/27/1988,27.602
04/28/1988,27.149
04/29/1988,25.353
04/30/1988,24.025
05/01/1988,22.714
05/02/1988,20.567
05/03/1988,18.886
05/04/1988,18.058
05/05/1988,17.239
05/06/1988,16.428
05/07/1988,16.428
05/08/1988,16.428
05/09/1988,16.026
05/10/1988,16.026
05/11/1988,17.239
05/12/1988,36.044
05/13/1988,30.358
05/14/1988,27.602
05/15/1988,26.248
05/16/1988,24.466
05/17/1988,20.567
05/18/1988,30.358
05/19/1988,33.173
05/20/1988,23.586
05/21/1988,22.281
05/22/1988,21.42
05/23/1988,20.144
05/24/1988,20.993
05/25/1988,20.567
05/26/1988,24.025
05/27/1988,28.973
05/28/1988,28.514
05/29/1988,26.248
05/30/1988,24.466
05/31/1988,23.149
06/01/1988,22.281
06/02/1988,20.993
06/03/1988,19.722
06/04/1988,18.471
06/05/1988,18.058
06/06/1988,17.239
06/07/1988,16.428
06/08/1988,16.428
06/09/1988,16.832
06/10/1988,17.239
06/11/1988,17.239
06/12/1988,23.586
06/13/1988,25.799
06/14/1988,21.849
06/15/1988,20.567
06/16/1988,17.647
06/17/1988,17.239
06/18/1988,16.832
06/19/1988,16.832
06/20/1988,16.832
06/21/1988,17.239
06/22/1988,17.239
06/23/1988,16.428
06/24/1988,16.026
06/25/1988,15.627
06/26/1988,15.23
06/27/1988,15.23
06/28/1988,14.835
06/29/1988,14.443
06/30/1988,14.443
07/01/1988,14.443
07/02/1988,13.665
07/03/1988,13.665
07/04/1988,13.665
07/05/1988,13.28
07/06/1988,13.28
07/07/1988,13.28
07/08/1988,12.898
07/09/1988,12.898
07/10/1988,12.518
07/11/1988,12.141
07/12/1988,11.767
07/13/1988,11.767
07/14/1988,11.395
07/15/1988,11.395
07/16/1988,10.958
07/17/1988,10.958
07/18/1988,10.958
07/19/1988,10.958
07/20/1988,10.403
07/21/1988,10.001
07/22/1988,9.603
07/23/1988,9.603
07/24/1988,9.603
07/25/1988,9.603
07/26/1988,9.208
07/27/1988,9.208
07/28/1988,9.208
07/29/1988,9.208
07/30/1988,9.208
07/31/1988,9.208
08/01/1988,13.308
08/02/1988,13.308
08/03/1988,13.308
08/04/1988,13.735
08/05/1988,10.808
08/06/1988,6.532
08/07/1988,6.719
08/08/1988,6.907
08/09/1988,6.907
08/10/1988,7.667
08/11/1988,7.667
08/12/1988,7.667
08/13/1988,7.667
08/14/1988,8.047
08/15/1988,8.047
08/16/1988,8.047
08/17/1988,8.047
08/18/1988,8.047
08/19/1988,8.047
08/20/1988,7.667
08/21/1988,7.292
08/22/1988,7.292
08/23/1988,7.292
08/24/1988,6.907
08/25/1988,6.907
08/26/1988,6.907
08/27/1988,6.719
08/28/1988,6.719
08/29/1988,6.719
08/30/1988,6.719
08/31/1988,6.719
09/01/1988,6.719
09/02/1988,6.719
09/03/1988,6.719
09/04/1988,6.719
09/05/1988,6.719
09/06/1988,6.719
09/07/1988,6.719
09/08/1988,6.532
09/09/1988,6.532
09/10/1988,6.532
09/11/1988,6.532
09/12/1988,6.346
09/13/1988,6.346
09/14/1988,6.346
09/15/1988,6.346
09/16/1988,6.346
09/17/1988,6.719
09/18/1988,6.907
09/19/1988,6.719
09/20/1988,6.719
09/21/1988,6.719
09/22/1988,6.532
09/23/1988,6.346
09/24/1988,6.346
09/25/1988,6.346
09/26/1988,6.346
09/27/1988,6.346
09/28/1988,6.346
09/29/1988,6.161
09/30/1988,6.161
10/01/1988,6.161
10/02/1988,6.161
10/03/1988,6.532
10/04/1988,6.346
10/05/1988,6.161
10/06/1988,6.346
10/07/1988,6.532
10/08/1988,6.719
10/09/1988,6.907
10/10/1988,8.047
10/11/1988,7.667
10/12/1988,21.886
10/13/1988,38.647
10/14/1988,29.754
10/15/1988,21.412
10/16/1988,20.005
10/17/1988,19.54
10/18/1988,19.54
10/19/1988,20.941
10/20/1988,20.471
10/21/1988,20.005
10/22/1988,20.471
10/23/1988,23.803
10/24/1988,28.742
10/25/1988,77.85
10/26/1988,69.798
10/27/1988,56.046
10/28/1988,48.579
10/29/1988,35.451
10/30/1988,23.32
10/31/1988,19.54
11/01/1988,16.359
11/02/1988,13.308
11/03/1988,10.403
11/04/1988,9.603
11/05/1988,9.603
11/06/1988,9.603
11/07/1988,9.603
11/08/1988,19.54
11/09/1988,29.754
11/10/1988,26.247
11/11/1988,20.471
11/12/1988,22.362
11/13/1988,47.452
11/14/1988,66.147
11/15/1988,60.754
11/16/1988,24.287
11/17/1988,16.806
11/18/1988,28.239
11/19/1988,58.979
11/20/1988,74.73
11/21/1988,45.214
11/22/1988,42.45
11/23/1988,28.239
11/24/1988,21.412
11/25/1988,16.806
11/26/1988,13.735
11/27/1988,9.208
11/28/1988,8.047
11/29/1988,7.667
11/30/1988,7.667
12/01/1988,7.667
12/02/1988,7.667
12/03/1988,7.292
12/04/1988,6.907
12/05/1988,6.719
12/06/1988,6.532
12/07/1988,24.287
12/08/1988,41.356
12/09/1988,28.742
12/10/1988,22.84
12/11/1988,16.806
12/12/1988,14.598
12/13/1988,14.165
12/14/1988,13.308
12/15/1988,12.462
12/16/1988,12.044
12/17/1988,15.473
12/18/1988,22.84
12/19/1988,24.774
12/20/1988,34.399
12/21/1988,51.424
12/22/1988,42.45
12/23/1988,29.247
12/24/1988,21.886
12/25/1988,25.263
12/26/1988,19.54
12/27/1988,27.738
12/28/1988,13.735
12/29/1988,11.217
12/30/1988,10.001
12/31/1988,9.603
01/01/1989,9.603
01/02/1989,17.255
01/03/1989,52.571
01/04/1989,40.811
01/05/1989,35.451
01/06/1989,32.316
01/07/1989,31.8
01/08/1989,43.551
01/09/1989,40.811
01/10/1989,34.399
01/11/1989,27.738
01/12/1989,22.84
01/13/1989,22.362
01/14/1989,27.738
01/15/1989,44.658
01/16/1989,57.802
01/17/1989,63.139
01/18/1989,66.147
01/19/1989,75.975
01/20/1989,74.73
01/21/1989,70.41
01/22/1989,74.109
01/23/1989,80.997
01/24/1989,97.127
01/25/1989,79.735
01/26/1989,58.39
01/27/1989,50.852
01/28/1989,47.452
01/29/1989,42.45
01/30/1989,34.399
01/31/1989,21.886
02/01/1989,18.162
02/02/1989,15.034
02/03/1989,47.452
02/04/1989,43
02/05/1989,36.51
02/06/1989,30.773
02/07/1989,26.742
02/08/1989,23.803
02/09/1989,78.477
02/10/1989,120.722
02/11/1989,143.224
02/12/1989,123.488
02/13/1989,99.766
02/14/1989,84.809
02/15/1989,79.735
02/16/1989,77.85
02/17/1989,63.738
02/18/1989,53.724
02/19/1989,49.713
02/20/1989,48.579
02/21/1989,48.015
02/22/1989,43.551
02/23/1989,41.902
02/24/1989,41.902
02/25/1989,48.015
02/26/1989,61.944
02/27/1989,41.902
02/28/1989,29.754
03/01/1989,27.738
03/02/1989,26.247
03/03/1989,25.263
03/04/1989,24.287
03/05/1989,23.803
03/06/1989,23.32
03/07/1989,22.84
03/08/1989,20.941
03/09/1989,20.471
03/10/1989,19.54
03/11/1989,19.54
03/12/1989,19.078
03/13/1989,18.619
03/14/1989,22.362
03/15/1989,44.104
03/16/1989,39.726
03/17/1989,34.399
03/18/1989,27.239
03/19/1989,21.412
03/20/1989,18.162
03/21/1989,18.162
03/22/1989,17.707
03/23/1989,17.255
03/24/1989,16.806
03/25/1989,18.619
03/26/1989,20.005
03/27/1989,24.287
03/28/1989,23.32
03/29/1989,20.941
03/30/1989,17.255
03/31/1989,17.255
04/01/1989,18.619
04/02/1989,16.806
04/03/1989,14.165
04/04/1989,10.403
04/05/1989,10.808
04/06/1989,10.403
04/07/1989,14.598
04/08/1989,15.034
04/09/1989,15.473
04/10/1989,13.735
04/11/1989,14.165
04/12/1989,13.308
04/13/1989,12.462
04/14/1989,12.044
04/15/1989,11.629
04/16/1989,11.629
04/17/1989,11.629
04/18/1989,11.629
04/19/1989,14.165
04/20/1989,14.165
04/21/1989,13.308
04/22/1989,13.308
04/23/1989,12.462
04/24/1989,12.462
04/25/1989,12.044
04/26/1989,11.629
04/27/1989,11.629
04/28/1989,12.044
04/29/1989,11.629
04/30/1989,11.629
05/01/1989,11.629
05/02/1989,13.735
05/03/1989,13.735
05/04/1989,14.598
05/05/1989,15.915
05/06/1989,14.598
05/07/1989,12.883
05/08/1989,11.217
05/09/1989,10.808
05/10/1989,10.403
05/11/1989,10.403
05/12/1989,10.403
05/13/1989,10.403
05/14/1989,10.403
05/15/1989,10.403
05/16/1989,10.403
05/17/1989,10.403
05/18/1989,10.403
05/19/1989,10.403
05/20/1989,10.403
05/21/1989,10.403
05/22/1989,10.403
05/23/1989,10.403
05/24/1989,10.403
05/25/1989,10.403
05/26/1989,10.403
05/27/1989,10.001
05/28/1989,10.001
05/29/1989,10.001
05/30/1989,10.001
05/31/1989,10.001
06/01/1989,10.001
06/02/1989,10.001
06/03/1989,10.001
06/04/1989,10.001
06/05/1989,10.001
06/06/1989,10.001
06/07/1989,10.001
06/08/1989,10.001
06/09/1989,16.806
06/10/1989,22.84
06/11/1989,39.726
06/12/1989,32.834
06/13/1989,16.359
06/14/1989,12.044
06/15/1989,11.629
06/16/1989,11.217
06/17/1989,10.403
06/18/1989,10.001
06/19/1989,10.001
06/20/1989,10.001
06/21/1989,10.001
06/22/1989,9.603
06/23/1989,10.001
06/24/1989,10.001
06/25/1989,9.603
06/26/1989,9.603
06/27/1989,9.208
06/28/1989,9.208
06/29/1989,9.208
06/30/1989,9.208
07/01/1989,9.208
07/02/1989,8.817
07/03/1989,9.208
07/04/1989,9.208
07/05/1989,8.817
07/06/1989,8.43
07/07/1989,8.43
07/08/1989,8.43
07/09/1989,8.817
07/10/1989,9.208
07/11/1989,9.208
07/12/1989,9.208
07/13/1989,8.817
07/14/1989,8.817
07/15/1989,8.817
07/16/1989,8.817
07/17/1989,8.817
07/18/1989,8.817
07/19/1989,8.43
07/20/1989,8.43
07/21/1989,8.43
07/22/1989,8.43
07/23/1989,8.047
07/24/1989,8.047
07/25/1989,8.43
07/26/1989,8.43
07/27/1989,8.817
07/28/1989,10.403
07/29/1989,25.263
07/30/1989,63.738
07/31/1989,55.464
08/01/1989,20.005
08/02/1989,14.598
08/03/1989,13.735
08/04/1989,12.883
08/05/1989,12.883
08/06/1989,12.462
08/07/1989,12.044
08/08/1989,11.217
08/09/1989,10.403
08/10/1989,9.603
08/11/1989,8.817
08/12/1989,7.667
08/13/1989,7.667
08/14/1989,8.047
08/15/1989,8.047
08/16/1989,8.047
08/17/1989,8.047
08/18/1989,8.047
08/19/1989,8.047
08/20/1989,8.047
08/21/1989,8.047
08/22/1989,8.047
08/23/1989,8.047
08/24/1989,8.047
08/25/1989,8.047
08/26/1989,8.047
08/27/1989,8.047
08/28/1989,8.047
08/29/1989,8.817
08/30/1989,9.208
08/31/1989,9.208
09/01/1989,6.907
09/02/1989,6.907
09/03/1989,7.292
09/04/1989,7.292
09/05/1989,6.907
09/06/1989,6.907
09/07/1989,6.907
09/08/1989,6.719
09/09/1989,6.907
09/10/1989,6.907
09/11/1989,8.047
09/12/1989,22.123
09/13/1989,19.078
09/14/1989,18.162
09/15/1989,16.806
09/16/1989,14.165
09/17/1989,10.403
09/18/1989,8.817
09/19/1989,8.047
09/20/1989,7.292
09/21/1989,7.479
09/22/1989,8.047
09/23/1989,8.047
09/24/1989,8.047
09/25/1989,8.43
09/26/1989,8.43
09/27/1989,8.047
09/28/1989,8.047
09/29/1989,7.667
09/30/1989,7.667
10/01/1989,7.292
10/02/1989,7.292
10/03/1989,7.292
10/04/1989,6.907
10/05/1989,6.907
10/06/1989,6.719
10/07/1989,6.532
10/08/1989,6.532
10/09/1989,6.532
10/10/1989,6.532
10/11/1989,6.532
10/12/1989,6.346
10/13/1989,6.346
10/14/1989,6.161
10/15/1989,6.161
10/16/1989,6.161
10/17/1989,6.161
10/18/1989,6.161
10/19/1989,6.161
10/20/1989,6.161
10/21/1989,6.161
10/22/1989,6.161
10/23/1989,6.161
10/24/1989,5.977
10/25/1989,10.001
10/26/1989,9.603
10/27/1989,9.208
10/28/1989,8.817
10/29/1989,8.43
10/30/1989,7.292
10/31/1989,6.907
11/01/1989,6.532
11/02/1989,6.161
11/03/1989,5.977
11/04/1989,5.611
11/05/1989,5.429
11/06/1989,5.429
11/07/1989,5.611
11/08/1989,5.611
11/09/1989,5.977
11/10/1989,6.161
11/11/1989,9.208
11/12/1989,12.462
11/13/1989,15.473
11/14/1989,8.817
11/15/1989,8.43
11/16/1989,7.667
11/17/1989,7.292
11/18/1989,6.719
11/19/1989,6.346
11/20/1989,8.817
11/21/1989,14.382
11/22/1989,22.84
11/23/1989,22.84
11/24/1989,18.848
11/25/1989,15.915
11/26/1989,12.253
11/27/1989,10.001
11/28/1989,13.095
11/29/1989,9.208
11/30/1989,8.43
12/01/1989,7.667
12/02/1989,6.532
12/03/1989,6.161
12/04/1989,5.977
12/05/1989,5.977
12/06/1989,5.793
12/07/1989,5.611
12/08/1989,5.611
12/09/1989,5.611
12/10/1989,5.429
12/11/1989,5.429
12/12/1989,7.667
12/13/1989,17.934
12/14/1989,153.325
12/15/1989,78.163
12/16/1989,62.84
12/17/1989,61.348
12/18/1989,60.754
12/19/1989,60.754
12/20/1989,60.754
12/21/1989,60.754
12/22/1989,38.647
12/23/1989,22.123
12/24/1989,8.43
12/25/1989,6.161
12/26/1989,7.106
12/27/1989,10.403
12/28/1989,15.034
12/29/1989,17.481
12/30/1989,22.362
12/31/1989,29.5
01/01/1990,110.473
01/02/1990,115.231
01/03/1990,93.85
01/04/1990,83.534
01/05/1990,80.365
01/06/1990,86.088
01/07/1990,83.534
01/08/1990,46.89
01/09/1990,38.11
01/10/1990,55.464
01/11/1990,79.735
01/12/1990,63.738
01/13/1990,61.348
01/14/1990,59.569
01/15/1990,55.464
01/16/1990,91.896
01/17/1990,57.215
01/18/1990,34.399
01/19/1990,28.239
01/20/1990,29.247
01/21/1990,36.51
01/22/1990,38.647
01/23/1990,40.268
01/24/1990,33.354
01/25/1990,26.742
01/26/1990,21.412
01/27/1990,22.84
01/28/1990,23.32
01/29/1990,21.886
01/30/1990,19.54
01/31/1990,19.54
02/01/1990,19.078
02/02/1990,18.619
02/03/1990,16.806
02/04/1990,13.308
02/05/1990,13.308
02/06/1990,14.598
02/07/1990,16.806
02/08/1990,17.255
02/09/1990,15.473
02/10/1990,15.473
02/11/1990,15.034
02/12/1990,14.165
02/13/1990,13.735
02/14/1990,22.362
02/15/1990,22.84
02/16/1990,22.362
02/17/1990,21.412
02/18/1990,16.359
02/19/1990,12.883
02/20/1990,11.629
02/21/1990,10.403
02/22/1990,10.403
02/23/1990,32.316
02/24/1990,27.239
02/25/1990,24.287
02/26/1990,21.412
02/27/1990,20.471
02/28/1990,19.078
03/01/1990,15.473
03/02/1990,26.742
03/03/1990,27.738
03/04/1990,29.754
03/05/1990,30.263
03/06/1990,22.362
03/07/1990,23.32
03/08/1990,22.84
03/09/1990,27.239
03/10/1990,24.774
03/11/1990,23.803
03/12/1990,22.84
03/13/1990,19.54
03/14/1990,15.473
03/15/1990,14.598
03/16/1990,17.255
03/17/1990,20.471
03/18/1990,25.263
03/19/1990,31.286
03/20/1990,74.109
03/21/1990,74.109
03/22/1990,77.224
03/23/1990,78.477
03/24/1990,67.967
03/25/1990,46.33
03/26/1990,40.268
03/27/1990,24.774
03/28/1990,22.362
03/29/1990,19.54
03/30/1990,16.806
03/31/1990,16.359
04/01/1990,15.915
04/02/1990,15.473
04/03/1990,15.034
04/04/1990,15.034
04/05/1990,14.598
04/06/1990,14.598
04/07/1990,13.735
04/08/1990,15.473
04/09/1990,20.471
04/10/1990,20.005
04/11/1990,17.255
04/12/1990,14.598
04/13/1990,13.308
04/14/1990,12.044
04/15/1990,12.462
04/16/1990,12.883
04/17/1990,13.308
04/18/1990,14.598
04/19/1990,16.806
04/20/1990,23.803
04/21/1990,20.941
04/22/1990,15.915
04/23/1990,13.308
04/24/1990,12.044
04/25/1990,11.629
04/26/1990,11.217
04/27/1990,10.808
04/28/1990,10.403
04/29/1990,10.403
04/30/1990,12.462
05/01/1990,15.694
05/02/1990,18.162
05/03/1990,15.034
05/04/1990,13.735
05/05/1990,12.883
05/06/1990,12.883
05/07/1990,18.848
05/08/1990,19.078
05/09/1990,21.886
05/10/1990,20.471
05/11/1990,17.03
05/12/1990,13.735
05/13/1990,12.883
05/14/1990,11.629
05/15/1990,11.217
05/16/1990,13.308
05/17/1990,13.735
05/18/1990,17.255
05/19/1990,14.816
05/20/1990,12.253
05/21/1990,10.403
05/22/1990,10.403
05/23/1990,10.001
05/24/1990,10.001
05/25/1990,9.603
05/26/1990,9.603
05/27/1990,9.208
05/28/1990,9.208
05/29/1990,9.208
05/30/1990,8.817
05/31/1990,8.817
06/01/1990,8.817
06/02/1990,8.817
06/03/1990,8.43
06/04/1990,8.43
06/05/1990,8.43
06/06/1990,8.047
06/07/1990,8.047
06/08/1990,8.623
06/09/1990,9.208
06/10/1990,9.208
06/11/1990,9.208
06/12/1990,8.43
06/13/1990,8.43
06/14/1990,8.047
06/15/1990,8.047
06/16/1990,8.047
06/17/1990,7.667
06/18/1990,7.667
06/19/1990,8.047
06/20/1990,8.047
06/21/1990,7.667
06/22/1990,7.667
06/23/1990,7.667
06/24/1990,7.667
06/25/1990,8.047
06/26/1990,7.292
06/27/1990,7.292
06/28/1990,7.292
06/29/1990,7.667
06/30/1990,7.667
07/01/1990,7.667
07/02/1990,7.292
07/03/1990,7.292
07/04/1990,6.907
07/05/1990,6.907
07/06/1990,6.719
07/07/1990,6.719
07/08/1990,6.719
07/09/1990,6.719
07/10/1990,6.907
07/11/1990,6.907
07/12/1990,6.719
07/13/1990,6.532
07/14/1990,6.532
07/15/1990,6.719
07/16/1990,6.907
07/17/1990,6.907
07/18/1990,7.292
07/19/1990,10.001
07/20/1990,12.044
07/21/1990,11.629
07/22/1990,11.217
07/23/1990,10.808
07/24/1990,10.403
07/25/1990,10.001
07/26/1990,9.208
07/27/1990,8.817
07/28/1990,8.43
07/29/1990,7.667
07/30/1990,7.292
07/31/1990,7.292
08/01/1990,7.292
08/02/1990,7.292
08/03/1990,7.292
08/04/1990,7.292
08/05/1990,6.907
08/06/1990,6.907
08/07/1990,6.907
08/08/1990,6.907
08/09/1990,6.719
08/10/1990,6.719
08/11/1990,6.719
08/12/1990,6.719
08/13/1990,6.719
08/14/1990,6.719
08/15/1990,6.719
08/16/1990,6.719
08/17/1990,6.532
08/18/1990,10.001
08/19/1990,10.001
08/20/1990,10.001
08/21/1990,9.208
08/22/1990,9.208
08/23/1990,9.208
08/24/1990,8.817
08/25/1990,8.43
08/26/1990,8.43
08/27/1990,8.43
08/28/1990,7.667
08/29/1990,7.292
08/30/1990,6.907
08/31/1990,6.907
09/01/1990,6.907
09/02/1990,6.907
09/03/1990,6.907
09/04/1990,6.719
09/05/1990,6.719
09/06/1990,6.719
09/07/1990,6.532
09/08/1990,6.532
09/09/1990,6.532
09/10/1990,6.719
09/11/1990,6.532
09/12/1990,6.532
09/13/1990,6.719
09/14/1990,6.532
09/15/1990,6.532
09/16/1990,6.346
09/17/1990,6.346
09/18/1990,6.346
09/19/1990,6.346
09/20/1990,6.346
09/21/1990,6.161
09/22/1990,6.242023421
09/23/1990,6.341297106
09/24/1990,6.423851878
09/25/1990,6.509639091
09/26/1990,6.600998546
09/27/1990,6.715917931
09/28/1990,6.877704044
09/29/1990,7.085471524
09/30/1990,7.362808257
10/01/1990,7.667
10/02/1990,7.292
10/03/1990,6.907
10/04/1990,7.292
10/05/1990,6.907
10/06/1990,6.907
10/07/1990,6.719
10/08/1990,6.532
10/09/1990,6.346
10/10/1990,6.161
10/11/1990,6.161
10/12/1990,6.161
10/13/1990,6.346
10/14/1990,6.532
10/15/1990,6.907
10/16/1990,6.907
10/17/1990,6.907
10/18/1990,6.907
10/19/1990,6.907
10/20/1990,6.907
10/21/1990,7.292
10/22/1990,7.667
10/23/1990,8.43
10/24/1990,8.817
10/25/1990,8.817
10/26/1990,8.817
10/27/1990,8.817
10/28/1990,8.817
10/29/1990,9.208
10/30/1990,9.603
10/31/1990,10.001
11/01/1990,9.405961948
11/02/1990,8.866152672
11/03/1990,8.495705894
11/04/1990,8.233303099
11/05/1990,8.073311581
11/06/1990,7.976813639
11/07/1990,7.920096317
11/08/1990,7.888711595
11/09/1990,7.873857151
11/10/1990,7.870171082
11/11/1990,7.874388196
11/12/1990,7.884521258
11/13/1990,7.899362111
11/14/1990,7.918177696
11/15/1990,7.940524842
11/16/1990,7.966137405
11/17/1990,7.994857503
11/18/1990,8.026593624
11/19/1990,8.061295097
11/20/1990,8.098936535
11/21/1990,8.139508367
11/22/1990,8.183011063
11/23/1990,8.229451621
11/24/1990,8.278841426
11/25/1990,8.331194952
11/26/1990,8.386528969
11/27/1990,8.444862063
11/28/1990,8.506214343
11/29/1990,8.570607268
11/30/1990,8.638063531
12/01/1990,8.708606994
12/02/1990,8.782262627
12/03/1990,8.859056464
12/04/1990,8.939015534
12/05/1990,9.022167769
12/06/1990,9.108541852
12/07/1990,9.198166968
12/08/1990,9.291072394
12/09/1990,9.387286815
12/10/1990,9.486837209
12/11/1990,9.589746996
12/12/1990,9.696033
12/13/1990,9.805700461
12/14/1990,9.918734832
12/15/1990,10.03508831
12/16/1990,10.15465773
12/17/1990,10.27724826
12/18/1990,10.40251384
12/19/1990,10.52985938
12/20/1990,10.65828026
12/21/1990,10.78609895
12/22/1990,10.91053266
12/23/1990,11.02698388
12/24/1990,11.12787589
12/25/1990,11.20074172
12/26/1990,11.22508777
12/27/1990,11.16724639
12/28/1990,10.9719281
12/29/1990,10.54835733
12/30/1990,9.840905615
12/31/1990,8.700977991
01/01/1991,7.292
01/02/1991,7.292
01/03/1991,7.667
01/04/1991,9.603
01/05/1991,10.808
01/06/1991,9.208
01/07/1991,7.667
01/08/1991,6.719
01/09/1991,6.719
01/10/1991,7.292
01/11/1991,8.047
01/12/1991,8.817
01/13/1991,22.84
01/14/1991,18.619
01/15/1991,25.263
01/16/1991,45.214
01/17/1991,40.268
01/18/1991,6.907
01/19/1991,6.346
01/20/1991,7.667
01/21/1991,11.217
01/22/1991,7.106
01/23/1991,6.719
01/24/1991,5.793
01/25/1991,6.626
01/26/1991,9.208
01/27/1991,41.629
01/28/1991,43.551
01/29/1991,48.297
01/30/1991,51.997
01/31/1991,56.63
02/01/1991,63.438
02/02/1991,71.639
02/03/1991,66.147
02/04/1991,43.827
02/05/1991,64.338
02/06/1991,85.129
02/07/1991,87.693
02/08/1991,69.492
02/09/1991,139.653
02/10/1991,91.247
02/11/1991,71.024
02/12/1991,67.359
02/13/1991,67.359
02/14/1991,34.137
02/15/1991,28.995
02/16/1991,26.494
02/17/1991,44.936
02/18/1991,46.89
02/19/1991,62.84
02/20/1991,40.268
02/21/1991,29.5
02/22/1991,22.6
02/23/1991,19.54
02/24/1991,18.619
02/25/1991,18.162
02/26/1991,17.707
02/27/1991,17.255
02/28/1991,17.255
03/01/1991,72.255
03/02/1991,72.872
03/03/1991,111.489
03/04/1991,128.362
03/05/1991,190.192
03/06/1991,169.496
03/07/1991,129.762
03/08/1991,104.755
03/09/1991,95.158
03/10/1991,87.372
03/11/1991,73.8
03/12/1991,61.646
03/13/1991,50.567
03/14/1991,152.599
03/15/1991,55.464
03/16/1991,44.381
03/17/1991,30.008
03/18/1991,28.239
03/19/1991,28.239
03/20/1991,38.647
03/21/1991,32.834
03/22/1991,29.5
03/23/1991,31.8
03/24/1991,31.8
03/25/1991,25.263
03/26/1991,52.571
03/27/1991,86.088
03/28/1991,341.343
03/29/1991,428.574
03/30/1991,352.295
03/31/1991,269.509
04/01/1991,207.502
04/02/1991,129.762
04/03/1991,79.735
04/04/1991,66.753
04/05/1991,54.013
04/06/1991,52.571
04/07/1991,67.359
04/08/1991,64.338
04/09/1991,70.41
04/10/1991,51.997
04/11/1991,43.551
04/12/1991,45.492
04/13/1991,40.811
04/14/1991,39.726
04/15/1991,37.575
04/16/1991,41.356
04/17/1991,38.11
04/18/1991,43.551
04/19/1991,39.996
04/20/1991,35.979
04/21/1991,33.876
04/22/1991,32.316
04/23/1991,92.546
04/24/1991,169.496
04/25/1991,122.795
04/26/1991,115.914
04/27/1991,95.158
04/28/1991,79.735
04/29/1991,63.438
04/30/1991,49.997
05/01/1991,39.996
05/02/1991,36.775
05/03/1991,33.354
05/04/1991,32.834
05/05/1991,32.058
05/06/1991,30.773
05/07/1991,30.263
05/08/1991,29.754
05/09/1991,28.239
05/10/1991,28.239
05/11/1991,28.239
05/12/1991,26.742
05/13/1991,25.754
05/14/1991,25.263
05/15/1991,26.742
05/16/1991,28.491
05/17/1991,26.494
05/18/1991,25.263
05/19/1991,25.263
05/20/1991,34.137
05/21/1991,32.834
05/22/1991,26.494
05/23/1991,25.263
05/24/1991,24.774
05/25/1991,24.287
05/26/1991,23.803
05/27/1991,23.803
05/28/1991,23.32
05/29/1991,22.84
05/30/1991,22.362
05/31/1991,22.362
06/01/1991,22.362
06/02/1991,22.362
06/03/1991,22.362
06/04/1991,21.886
06/05/1991,21.412
06/06/1991,20.471
06/07/1991,20.005
06/08/1991,19.54
06/09/1991,18.619
06/10/1991,18.162
06/11/1991,17.707
06/12/1991,17.255
06/13/1991,16.806
06/14/1991,16.806
06/15/1991,16.359
06/16/1991,15.915
06/17/1991,16.806
06/18/1991,16.806
06/19/1991,14.165
06/20/1991,16.359
06/21/1991,17.481
06/22/1991,15.915
06/23/1991,14.165
06/24/1991,13.735
06/25/1991,13.735
06/26/1991,13.308
06/27/1991,14.816
06/28/1991,19.078
06/29/1991,18.162
06/30/1991,17.707
07/01/1991,17.255
07/02/1991,16.806
07/03/1991,16.806
07/04/1991,16.359
07/05/1991,16.359
07/06/1991,15.915
07/07/1991,15.915
07/08/1991,15.915
07/09/1991,15.473
07/10/1991,15.034
07/11/1991,14.598
07/12/1991,14.165
07/13/1991,13.735
07/14/1991,13.735
07/15/1991,13.308
07/16/1991,13.308
07/17/1991,12.883
07/18/1991,12.883
07/19/1991,12.883
07/20/1991,12.883
07/21/1991,13.308
07/22/1991,12.883
07/23/1991,12.883
07/24/1991,12.883
07/25/1991,12.883
07/26/1991,12.883
07/27/1991,12.883
07/28/1991,12.883
07/29/1991,12.462
07/30/1991,12.462
07/31/1991,12.462
08/01/1991,12.462
08/02/1991,12.462
08/03/1991,12.462
08/04/1991,12.462
08/05/1991,12.462
08/06/1991,12.044
08/07/1991,12.044
08/08/1991,12.044
08/09/1991,12.044
08/10/1991,11.629
08/11/1991,11.629
08/12/1991,11.629
08/13/1991,11.629
08/14/1991,11.629
08/15/1991,11.629
08/16/1991,11.217
08/17/1991,11.217
08/18/1991,11.217
08/19/1991,11.217
08/20/1991,10.808
08/21/1991,10.808
08/22/1991,10.403
08/23/1991,10.403
08/24/1991,10.001
08/25/1991,10.001
08/26/1991,10.001
08/27/1991,10.001
08/28/1991,10.001
08/29/1991,9.603
08/30/1991,9.603
08/31/1991,9.603
09/01/1991,9.603
09/02/1991,9.603
09/03/1991,9.208
09/04/1991,9.208
09/05/1991,9.208
09/06/1991,9.208
09/07/1991,9.208
09/08/1991,9.208
09/09/1991,9.208
09/10/1991,9.208
09/11/1991,9.208
09/12/1991,9.208
09/13/1991,9.208
09/14/1991,9.208
09/15/1991,9.208
09/16/1991,9.603
09/17/1991,8.817
09/18/1991,9.208
09/19/1991,9.603
09/20/1991,9.603
09/21/1991,9.603
09/22/1991,9.603
09/23/1991,9.603
09/24/1991,25.263
09/25/1991,9.603
09/26/1991,9.208
09/27/1991,8.817
09/28/1991,9.603
09/29/1991,35.451
09/30/1991,32.058
10/01/1991,33.876
10/02/1991,25.018
10/03/1991,20.471
10/04/1991,20.005
10/05/1991,19.078
10/06/1991,18.619
10/07/1991,18.162
10/08/1991,18.162
10/09/1991,18.162
10/10/1991,17.707
10/11/1991,17.707
10/12/1991,17.707
10/13/1991,17.03
10/14/1991,13.95
10/15/1991,11.422
10/16/1991,9.603
10/17/1991,8.817
10/18/1991,24.287
10/19/1991,18.162
10/20/1991,15.473
10/21/1991,14.598
10/22/1991,14.165
10/23/1991,12.883
10/24/1991,12.462
10/25/1991,12.044
10/26/1991,12.044
10/27/1991,11.629
10/28/1991,10.605
10/29/1991,9.603
10/30/1991,9.208
10/31/1991,9.208
11/01/1991,9.208
11/02/1991,9.208
11/03/1991,9.208
11/04/1991,8.817
11/05/1991,8.817
11/06/1991,8.817
11/07/1991,8.817
11/08/1991,8.817
11/09/1991,8.817
11/10/1991,8.817
11/11/1991,8.817
11/12/1991,8.817
11/13/1991,29.5
11/14/1991,29.5
11/15/1991,23.32
11/16/1991,18.39
11/17/1991,13.735
11/18/1991,7.667
11/19/1991,6.907
11/20/1991,6.346
11/21/1991,6.907
11/22/1991,6.907
11/23/1991,6.346
11/24/1991,6.346
11/25/1991,6.346
11/26/1991,6.907
11/27/1991,6.907
11/28/1991,6.719
11/29/1991,7.667
11/30/1991,7.292
12/01/1991,13.308
12/02/1991,12.883
12/03/1991,13.308
12/04/1991,12.462
12/05/1991,13.308
12/06/1991,13.735
12/07/1991,13.095
12/08/1991,12.044
12/09/1991,10.808
12/10/1991,10.001
12/11/1991,10.001
12/12/1991,14.598
12/13/1991,12.462
12/14/1991,29.5
12/15/1991,23.32
12/16/1991,31.286
12/17/1991,19.078
12/18/1991,24.53
12/19/1991,33.354
12/20/1991,37.041
12/21/1991,26.99
12/22/1991,25.754
12/23/1991,38.647
12/24/1991,36.775
12/25/1991,28.239
12/26/1991,23.32
12/27/1991,22.84
12/28/1991,50.852
12/29/1991,23.32
12/30/1991,18.162
12/31/1991,23.32
01/01/1992,13.308
01/02/1992,12.044
01/03/1992,10.403
01/04/1992,14.165
01/05/1992,43.827
01/06/1992,48.579
01/07/1992,35.979
01/08/1992,14.165
01/09/1992,13.308
01/10/1992,12.883
01/11/1992,11.629
01/12/1992,11.217
01/13/1992,43.275
01/14/1992,17.707
01/15/1992,12.253
01/16/1992,9.603
01/17/1992,10.001
01/18/1992,10.403
01/19/1992,10.001
01/20/1992,10.001
01/21/1992,10.001
01/22/1992,14.382
01/23/1992,18.848
01/24/1992,17.481
01/25/1992,13.308
01/26/1992,12.462
01/27/1992,11.217
01/28/1992,13.095
01/29/1992,16.582
01/30/1992,21.412
01/31/1992,14.598
02/01/1992,35.451
02/02/1992,30.008
02/03/1992,27.738
02/04/1992,27.239
02/05/1992,21.412
02/06/1992,20.941
02/07/1992,21.649
02/08/1992,24.045
02/09/1992,20.005
02/10/1992,17.03
02/11/1992,15.473
02/12/1992,14.165
02/13/1992,13.308
02/14/1992,12.044
02/15/1992,10.808
02/16/1992,10.001
02/17/1992,9.603
02/18/1992,9.208
02/19/1992,10.403
02/20/1992,11.629
02/21/1992,10.403
02/22/1992,9.603
02/23/1992,9.603
02/24/1992,9.603
02/25/1992,9.603
02/26/1992,9.603
02/27/1992,10.403
02/28/1992,11.836
02/29/1992,11.217
03/01/1992,12.462
03/02/1992,26.742
03/03/1992,33.876
03/04/1992,39.996
03/05/1992,56.63
03/06/1992,25.754
03/07/1992,13.308
03/08/1992,15.253
03/09/1992,20.471
03/10/1992,29.5
03/11/1992,24.774
03/12/1992,20.005
03/13/1992,19.54
03/14/1992,18.619
03/15/1992,17.255
03/16/1992,16.359
03/17/1992,14.816
03/18/1992,13.308
03/19/1992,12.672
03/20/1992,13.735
03/21/1992,12.672
03/22/1992,11.422
03/23/1992,9.603
03/24/1992,8.43
03/25/1992,16.359
03/26/1992,25.508
03/27/1992,19.078
03/28/1992,18.619
03/29/1992,17.934
03/30/1992,22.362
03/31/1992,64.639
04/01/1992,84.809
04/02/1992,59.569
04/03/1992,26.247
04/04/1992,21.412
04/05/1992,19.078
04/06/1992,17.255
04/07/1992,15.473
04/08/1992,13.735
04/09/1992,11.629
04/10/1992,10.403
04/11/1992,12.044
04/12/1992,13.735
04/13/1992,13.308
04/14/1992,12.883
04/15/1992,13.308
04/16/1992,12.883
04/17/1992,13.308
04/18/1992,19.54
04/19/1992,16.806
04/20/1992,13.735
04/21/1992,13.308
04/22/1992,12.462
04/23/1992,11.629
04/24/1992,10.808
04/25/1992,9.603
04/26/1992,8.43
04/27/1992,8.047
04/28/1992,7.667
04/29/1992,7.292
04/30/1992,7.292
05/01/1992,15.253
05/02/1992,37.041
05/03/1992,44.104
05/04/1992,39.996
05/05/1992,33.876
05/06/1992,24.045
05/07/1992,15.253
05/08/1992,11.629
05/09/1992,9.208
05/10/1992,10.403
05/11/1992,12.462
05/12/1992,12.462
05/13/1992,12.044
05/14/1992,11.629
05/15/1992,12.044
05/16/1992,12.462
05/17/1992,15.034
05/18/1992,13.308
05/19/1992,13.308
05/20/1992,12.883
05/21/1992,12.883
05/22/1992,12.883
05/23/1992,12.462
05/24/1992,12.462
05/25/1992,12.462
05/26/1992,12.044
05/27/1992,12.044
05/28/1992,12.044
05/29/1992,12.044
05/30/1992,11.629
05/31/1992,11.629
06/01/1992,11.629
06/02/1992,11.629
06/03/1992,11.629
06/04/1992,11.629
06/05/1992,11.629
06/06/1992,11.629
06/07/1992,11.629
06/08/1992,11.217
06/09/1992,11.217
06/10/1992,11.217
06/11/1992,11.217
06/12/1992,11.217
06/13/1992,11.217
06/14/1992,10.808
06/15/1992,10.808
06/16/1992,10.808
06/17/1992,10.808
06/18/1992,10.403
06/19/1992,10.403
06/20/1992,10.403
06/21/1992,10.403
06/22/1992,10.403
06/23/1992,10.001
06/24/1992,10.001
06/25/1992,10.001
06/26/1992,10.001
06/27/1992,10.001
06/28/1992,10.001
06/29/1992,9.603
06/30/1992,9.603
07/01/1992,9.208
07/02/1992,9.208
07/03/1992,9.208
07/04/1992,9.208
07/05/1992,9.208
07/06/1992,9.603
07/07/1992,12.044
07/08/1992,28.742
07/09/1992,28.742
07/10/1992,28.239
07/11/1992,26.742
07/12/1992,26.742
07/13/1992,23.32
07/14/1992,19.772
07/15/1992,15.915
07/16/1992,10.001
07/17/1992,9.603
07/18/1992,9.603
07/19/1992,8.817
07/20/1992,8.817
07/21/1992,9.208
07/22/1992,9.208
07/23/1992,8.817
07/24/1992,9.208
07/25/1992,8.817
07/26/1992,8.43
07/27/1992,8.817
07/28/1992,9.208
07/29/1992,9.208
07/30/1992,9.208
07/31/1992,9.208
08/01/1992,9.208
08/02/1992,9.208
08/03/1992,9.208
08/04/1992,9.208
08/05/1992,8.817
08/06/1992,8.43
08/07/1992,8.047
08/08/1992,8.047
08/09/1992,8.047
08/10/1992,8.047
08/11/1992,8.047
08/12/1992,8.047
08/13/1992,8.047
08/14/1992,8.047
08/15/1992,8.047
08/16/1992,8.047
08/17/1992,7.667
08/18/1992,7.667
08/19/1992,7.667
08/20/1992,9.603
08/21/1992,10.403
08/22/1992,9.603
08/23/1992,9.208
08/24/1992,9.208
08/25/1992,8.817
08/26/1992,8.817
08/27/1992,8.43
08/28/1992,8.817
08/29/1992,8.43
08/30/1992,8.43
08/31/1992,8.817
09/01/1992,9.603
09/02/1992,9.208
09/03/1992,9.208
09/04/1992,9.208
09/05/1992,8.817
09/06/1992,7.667
09/07/1992,8.047
09/08/1992,9.208
09/09/1992,9.208
09/10/1992,8.817
09/11/1992,8.047
09/12/1992,7.667
09/13/1992,7.292
09/14/1992,6.907
09/15/1992,28.491
09/16/1992,44.658
09/17/1992,20.471
09/18/1992,14.598
09/19/1992,13.735
09/20/1992,12.672
09/21/1992,10.403
09/22/1992,9.405
09/23/1992,8.43
09/24/1992,8.817
09/25/1992,8.817
09/26/1992,8.43
09/27/1992,8.43
09/28/1992,8.047
09/29/1992,7.667
09/30/1992,7.667
10/01/1992,8.43
10/02/1992,8.047
10/03/1992,7.667
10/04/1992,8.43
10/05/1992,10.403
10/06/1992,13.095
10/07/1992,12.672
10/08/1992,11.629
10/09/1992,11.629
10/10/1992,11.217
10/11/1992,11.217
10/12/1992,10.001
10/13/1992,9.603
10/14/1992,9.208
10/15/1992,8.623
10/16/1992,11.629
10/17/1992,15.473
10/18/1992,12.672
10/19/1992,10.605
10/20/1992,9.012
10/21/1992,7.667
10/22/1992,7.667
10/23/1992,7.667
10/24/1992,7.292
10/25/1992,7.292
10/26/1992,7.292
10/27/1992,7.292
10/28/1992,7.292
10/29/1992,17.255
10/30/1992,17.934
10/31/1992,25.508
11/01/1992,35.451
11/02/1992,28.239
11/03/1992,23.32
11/04/1992,18.619
11/05/1992,17.03
11/06/1992,15.915
11/07/1992,14.598
11/08/1992,14.382
11/09/1992,15.915
11/10/1992,13.735
11/11/1992,13.735
11/12/1992,14.382
11/13/1992,13.095
11/14/1992,12.462
11/15/1992,13.308
11/16/1992,34.137
11/17/1992,29.247
11/18/1992,19.772
11/19/1992,17.481
11/20/1992,15.473
11/21/1992,11.629
11/22/1992,10.001
11/23/1992,67.056
11/24/1992,84.49
11/25/1992,143.582
11/26/1992,125.572
11/27/1992,112.507
11/28/1992,70.41
11/29/1992,61.944
11/30/1992,57.802
12/01/1992,7.292
12/02/1992,6.813
12/03/1992,13.095
12/04/1992,18.162
12/05/1992,15.253
12/06/1992,12.883
12/07/1992,13.095
12/08/1992,37.308
12/09/1992,37.308
12/10/1992,25.754
12/11/1992,24.53
12/12/1992,42.725
12/13/1992,37.842
12/14/1992,27.488
12/15/1992,17.255
12/16/1992,15.253
12/17/1992,13.735
12/18/1992,12.462
12/19/1992,12.462
12/20/1992,12.044
12/21/1992,12.044
12/22/1992,11.629
12/23/1992,11.217
12/24/1992,10.808
12/25/1992,10.403
12/26/1992,14.382
12/27/1992,35.451
12/28/1992,26
12/29/1992,14.816
12/30/1992,12.044
12/31/1992,11.629
01/01/1993,11.422
01/02/1993,12.253
01/03/1993,14.165
01/04/1993,13.095
01/05/1993,13.308
01/06/1993,12.672
01/07/1993,19.772
01/08/1993,71.331
01/09/1993,87.051
01/10/1993,75.041
01/11/1993,50.282
01/12/1993,65.845
01/13/1993,66.753
01/14/1993,60.161
01/15/1993,43.275
01/16/1993,34.661
01/17/1993,20.005
01/18/1993,18.39
01/19/1993,22.123
01/20/1993,23.08
01/21/1993,15.034
01/22/1993,12.883
01/23/1993,11.217
01/24/1993,10.808
01/25/1993,19.772
01/26/1993,18.848
01/27/1993,17.934
01/28/1993,14.816
01/29/1993,12.883
01/30/1993,10.605
01/31/1993,8.047
02/01/1993,15.253
02/02/1993,32.058
02/03/1993,26.99
02/04/1993,22.6
02/05/1993,17.934
02/06/1993,14.816
02/07/1993,17.255
02/08/1993,15.034
02/09/1993,12.883
02/10/1993,13.735
02/11/1993,32.316
02/12/1993,75.041
02/13/1993,105.759
02/14/1993,80.681
02/15/1993,69.186
02/16/1993,75.975
02/17/1993,85.768
02/18/1993,99.105
02/19/1993,82.898
02/20/1993,192.098
02/21/1993,80.365
02/22/1993,65.543
02/23/1993,71.946
02/24/1993,148.617
02/25/1993,137.875
02/26/1993,108.447
02/27/1993,90.922
02/28/1993,81.946
03/01/1993,88.982
03/02/1993,84.171
03/03/1993,75.352
03/04/1993,67.967
03/05/1993,57.509
03/06/1993,40.539
03/07/1993,30.773
03/08/1993,28.742
03/09/1993,26.494
03/10/1993,24.045
03/11/1993,26.99
03/12/1993,23.32
03/13/1993,20.005
03/14/1993,17.481
03/15/1993,15.694
03/16/1993,22.362
03/17/1993,26.247
03/18/1993,21.886
03/19/1993,25.754
03/20/1993,48.862
03/21/1993,42.725
03/22/1993,35.451
03/23/1993,42.725
03/24/1993,44.381
03/25/1993,34.137
03/26/1993,25.018
03/27/1993,23.803
03/28/1993,21.649
03/29/1993,20.471
03/30/1993,25.508
03/31/1993,34.137
04/01/1993,26.99
04/02/1993,24.774
04/03/1993,33.876
04/04/1993,31.286
04/05/1993,25.263
04/06/1993,20.706
04/07/1993,17.255
04/08/1993,14.816
04/09/1993,15.915
04/10/1993,62.84
04/11/1993,30.518
04/12/1993,19.309
04/13/1993,15.473
04/14/1993,13.521
04/15/1993,12.462
04/16/1993,12.462
04/17/1993,12.462
04/18/1993,12.883
04/19/1993,13.095
04/20/1993,13.308
04/21/1993,13.735
04/22/1993,13.735
04/23/1993,15.915
04/24/1993,25.263
04/25/1993,38.916
04/26/1993,37.041
04/27/1993,32.058
04/28/1993,30.008
04/29/1993,28.239
04/30/1993,25.754
05/01/1993,21.649
05/02/1993,19.309
05/03/1993,15.694
05/04/1993,17.481
05/05/1993,30.518
05/06/1993,29.754
05/07/1993,32.316
05/08/1993,33.354
05/09/1993,33.094
05/10/1993,32.834
05/11/1993,31.8
05/12/1993,27.488
05/13/1993,24.53
05/14/1993,19.772
05/15/1993,17.255
05/16/1993,16.806
05/17/1993,14.598
05/18/1993,13.735
05/19/1993,13.521
05/20/1993,13.308
05/21/1993,13.095
05/22/1993,12.883
05/23/1993,12.462
05/24/1993,12.462
05/25/1993,12.462
05/26/1993,12.462
05/27/1993,12.253
05/28/1993,12.044
05/29/1993,11.629
05/30/1993,19.078
05/31/1993,24.287
06/01/1993,22.362
06/02/1993,19.772
06/03/1993,14.598
06/04/1993,12.883
06/05/1993,12.253
06/06/1993,33.354
06/07/1993,24.045
06/08/1993,18.39
06/09/1993,13.95
06/10/1993,13.308
06/11/1993,14.165
06/12/1993,13.521
06/13/1993,13.095
06/14/1993,12.883
06/15/1993,12.883
06/16/1993,12.044
06/17/1993,11.629
06/18/1993,13.735
06/19/1993,14.598
06/20/1993,13.521
06/21/1993,13.308
06/22/1993,13.308
06/23/1993,12.883
06/24/1993,12.462
06/25/1993,12.253
06/26/1993,12.253
06/27/1993,12.044
06/28/1993,11.217
06/29/1993,11.012
06/30/1993,10.808
07/01/1993,10.605
07/02/1993,10.403
07/03/1993,10.403
07/04/1993,10.202
07/05/1993,10.001
07/06/1993,9.603
07/07/1993,9.603
07/08/1993,9.603
07/09/1993,9.603
07/10/1993,9.603
07/11/1993,9.603
07/12/1993,9.405
07/13/1993,9.208
07/14/1993,9.208
07/15/1993,11.629
07/16/1993,12.253
07/17/1993,11.422
07/18/1993,11.012
07/19/1993,10.202
07/20/1993,9.802
07/21/1993,9.603
07/22/1993,9.603
07/23/1993,9.603
07/24/1993,9.603
07/25/1993,9.405
07/26/1993,9.012
07/27/1993,8.817
07/28/1993,8.817
07/29/1993,9.208
07/30/1993,9.405
07/31/1993,9.208
08/01/1993,9.012
08/02/1993,9.012
08/03/1993,8.817
08/04/1993,8.817
08/05/1993,8.623
08/06/1993,8.43
08/07/1993,8.047
08/08/1993,8.047
08/09/1993,8.047
08/10/1993,7.667
08/11/1993,7.667
08/12/1993,7.479
08/13/1993,7.292
08/14/1993,7.292
08/15/1993,7.479
08/16/1993,8.047
08/17/1993,8.238
08/18/1993,8.047
08/19/1993,8.047
08/20/1993,8.047
08/21/1993,7.856
08/22/1993,7.667
08/23/1993,7.856
08/24/1993,10.403
08/25/1993,26.99
08/26/1993,16.359
08/27/1993,13.308
08/28/1993,11.422
08/29/1993,9.405
08/30/1993,8.047
08/31/1993,8.047
09/01/1993,8.047
09/02/1993,8.047
09/03/1993,8.047
09/04/1993,7.856
09/05/1993,7.667
09/06/1993,7.667
09/07/1993,8.047
09/08/1993,8.623
09/09/1993,7.856
09/10/1993,9.012
09/11/1993,8.817
09/12/1993,8.817
09/13/1993,8.43
09/14/1993,8.047
09/15/1993,21.649
09/16/1993,34.137
09/17/1993,22.123
09/18/1993,16.136
09/19/1993,9.208
09/20/1993,9.208
09/21/1993,11.836
09/22/1993,16.806
09/23/1993,31.8
09/24/1993,50.567
09/25/1993,95.813
09/26/1993,41.703
09/27/1993,31.914
09/28/1993,22.886
09/29/1993,19.699
09/30/1993,16.558
10/01/1993,14.888
10/02/1993,19.699
10/03/1993,21.164
10/04/1993,24.371
10/05/1993,46.418
10/06/1993,29.379
10/07/1993,19.942
10/08/1993,18.243
10/09/1993,16.798
10/10/1993,16.318
10/11/1993,15.602
10/12/1993,15.126
10/13/1993,14.178
10/14/1993,10.907
10/15/1993,9.303
10/16/1993,14.888
10/17/1993,10.447
10/18/1993,9.531
10/19/1993,9.531
10/20/1993,45.629
10/21/1993,22.147
10/22/1993,14.178
10/23/1993,13.942
10/24/1993,14.414
10/25/1993,15.364
10/26/1993,13.706
10/27/1993,12.299
10/28/1993,11.37
10/29/1993,10.677
10/30/1993,9.988
10/31/1993,9.531
11/01/1993,9.303
11/02/1993,8.85
11/03/1993,8.173
11/04/1993,8.173
11/05/1993,8.173
11/06/1993,7.948
11/07/1993,7.724
11/08/1993,12.533
11/09/1993,12.299
11/10/1993,11.138
11/11/1993,10.217
11/12/1993,8.173
11/13/1993,8.173
11/14/1993,7.948
11/15/1993,7.724
11/16/1993,7.724
11/17/1993,7.501
11/18/1993,16.079
11/19/1993,12.066
11/20/1993,9.531
11/21/1993,8.398
11/22/1993,7.501
11/23/1993,7.724
11/24/1993,8.85
11/25/1993,10.677
11/26/1993,25.615
11/27/1993,22.147
11/28/1993,13.235
11/29/1993,10.217
11/30/1993,7.724
12/01/1993,10.217
12/02/1993,8.85
12/03/1993,7.501
12/04/1993,9.076
12/05/1993,20.675
12/06/1993,18.727
12/07/1993,15.84
12/08/1993,13.706
12/09/1993,15.126
12/10/1993,21.901
12/11/1993,23.133
12/12/1993,20.186
12/13/1993,16.318
12/14/1993,16.079
12/15/1993,14.651
12/16/1993,13.942
12/17/1993,15.602
12/18/1993,24.868
12/19/1993,31.405
12/20/1993,73.057
12/21/1993,74.43
12/22/1993,32.678
12/23/1993,13.235
12/24/1993,13.47
12/25/1993,17.519
12/26/1993,31.659
12/27/1993,21.41
12/28/1993,16.079
12/29/1993,15.126
12/30/1993,13.942
12/31/1993,14.178
01/01/1994,14.651
01/02/1994,47.736
01/03/1994,16.318
01/04/1994,22.639
01/05/1994,20.186
01/06/1994,17.519
01/07/1994,16.318
01/08/1994,19.212
01/09/1994,34.21
01/10/1994,32.168
01/11/1994,26.864
01/12/1994,18.243
01/13/1994,15.364
01/14/1994,14.651
01/15/1994,14.414
01/16/1994,13.942
01/17/1994,13.235
01/18/1994,11.601
01/19/1994,32.678
01/20/1994,27.868
01/21/1994,18.243
01/22/1994,14.888
01/23/1994,13.706
01/24/1994,33.443
01/25/1994,27.617
01/26/1994,24.868
01/27/1994,58.122
01/28/1994,43.009
01/29/1994,37.037
01/30/1994,30.391
01/31/1994,21.41
02/01/1994,18.001
02/02/1994,15.84
02/03/1994,14.651
02/04/1994,12.767
02/05/1994,11.37
02/06/1994,13.47
02/07/1994,79.42
02/08/1994,65.415
02/09/1994,46.418
02/10/1994,30.137
02/11/1994,32.678
02/12/1994,30.391
02/13/1994,101.423
02/14/1994,66.774
02/15/1994,51.709
02/16/1994,34.723
02/17/1994,26.864
02/18/1994,23.875
02/19/1994,21.41
02/20/1994,20.675
02/21/1994,45.892
02/22/1994,28.875
02/23/1994,23.133
02/24/1994,21.655
02/25/1994,18.485
02/26/1994,18.727
02/27/1994,23.627
02/28/1994,26.114
03/01/1994,38.328
03/02/1994,40.662
03/03/1994,32.423
03/04/1994,26.114
03/05/1994,19.455
03/06/1994,16.798
03/07/1994,12.299
03/08/1994,11.601
03/09/1994,16.798
03/10/1994,16.318
03/11/1994,18.001
03/12/1994,41.182
03/13/1994,28.119
03/14/1994,19.455
03/15/1994,18.727
03/16/1994,17.038
03/17/1994,15.126
03/18/1994,16.318
03/19/1994,19.212
03/20/1994,54.106
03/21/1994,63.788
03/22/1994,28.371
03/23/1994,22.886
03/24/1994,58.929
03/25/1994,36.007
03/26/1994,20.43
03/27/1994,16.079
03/28/1994,15.602
03/29/1994,30.898
03/30/1994,36.521
03/31/1994,33.954
04/01/1994,45.892
04/02/1994,40.142
04/03/1994,26.614
04/04/1994,18.001
04/05/1994,17.038
04/06/1994,15.84
04/07/1994,15.364
04/08/1994,14.888
04/09/1994,14.414
04/10/1994,14.178
04/11/1994,13.942
04/12/1994,13.47
04/13/1994,13.235
04/14/1994,13.235
04/15/1994,13.235
04/16/1994,13.235
04/17/1994,13.235
04/18/1994,13.706
04/19/1994,13.47
04/20/1994,13.235
04/21/1994,13.001
04/22/1994,17.038
04/23/1994,17.519
04/24/1994,15.126
04/25/1994,13.235
04/26/1994,12.767
04/27/1994,14.651
04/28/1994,16.318
04/29/1994,14.414
04/30/1994,13.706
05/01/1994,13.706
05/02/1994,13.47
05/03/1994,12.767
05/04/1994,12.066
05/05/1994,11.601
05/06/1994,11.37
05/07/1994,11.37
05/08/1994,11.138
05/09/1994,10.907
05/10/1994,10.907
05/11/1994,10.677
05/12/1994,10.447
05/13/1994,10.217
05/14/1994,19.212
05/15/1994,35.492
05/16/1994,29.127
05/17/1994,22.393
05/18/1994,15.126
05/19/1994,12.767
05/20/1994,12.299
05/21/1994,17.519
05/22/1994,17.76
05/23/1994,13.706
05/24/1994,12.066
05/25/1994,11.37
05/26/1994,11.37
05/27/1994,12.066
05/28/1994,17.038
05/29/1994,16.079
05/30/1994,13.942
05/31/1994,12.533
06/01/1994,11.834
06/02/1994,11.834
06/03/1994,11.601
06/04/1994,11.37
06/05/1994,11.37
06/06/1994,11.138
06/07/1994,10.907
06/08/1994,10.677
06/09/1994,10.447
06/10/1994,10.447
06/11/1994,10.447
06/12/1994,10.217
06/13/1994,9.988
06/14/1994,9.988
06/15/1994,9.759
06/16/1994,9.531
06/17/1994,9.531
06/18/1994,9.531
06/19/1994,9.531
06/20/1994,10.677
06/21/1994,10.907
06/22/1994,11.834
06/23/1994,18.001
06/24/1994,16.079
06/25/1994,14.178
06/26/1994,12.533
06/27/1994,11.138
06/28/1994,10.677
06/29/1994,10.447
06/30/1994,9.988
07/01/1994,9.988
07/02/1994,10.217
07/03/1994,10.217
07/04/1994,9.759
07/05/1994,9.531
07/06/1994,9.303
07/07/1994,8.85
07/08/1994,8.173
07/09/1994,7.948
07/10/1994,7.948
07/11/1994,8.623
07/12/1994,8.173
07/13/1994,8.173
07/14/1994,7.724
07/15/1994,7.724
07/16/1994,7.948
07/17/1994,8.173
07/18/1994,7.948
07/19/1994,7.724
07/20/1994,7.278
07/21/1994,7.278
07/22/1994,7.278
07/23/1994,7.278
07/24/1994,7.278
07/25/1994,7.948
07/26/1994,8.623
07/27/1994,8.623
07/28/1994,8.398
07/29/1994,8.173
07/30/1994,8.173
07/31/1994,7.948
08/01/1994,7.724
08/02/1994,7.724
08/03/1994,7.724
08/04/1994,7.501
08/05/1994,7.278
08/06/1994,7.278
08/07/1994,7.278
08/08/1994,7.278
08/09/1994,6.835
08/10/1994,6.835
08/11/1994,6.614
08/12/1994,6.394
08/13/1994,6.394
08/14/1994,6.394
08/15/1994,6.394
08/16/1994,5.956
08/17/1994,5.956
08/18/1994,7.056
08/19/1994,7.056
08/20/1994,6.835
08/21/1994,6.835
08/22/1994,6.835
08/23/1994,6.614
08/24/1994,6.394
08/25/1994,6.394
08/26/1994,6.394
08/27/1994,6.394
08/28/1994,6.394
08/29/1994,5.956
08/30/1994,5.956
08/31/1994,5.956
09/01/1994,5.956
09/02/1994,5.956
09/03/1994,5.956
09/04/1994,5.956
09/05/1994,5.956
09/06/1994,5.956
09/07/1994,5.956
09/08/1994,5.956
09/09/1994,5.956
09/10/1994,5.956
09/11/1994,5.956
09/12/1994,5.956
09/13/1994,5.956
09/14/1994,5.956
09/15/1994,5.956
09/16/1994,6.175
09/17/1994,5.956
09/18/1994,5.956
09/19/1994,5.956
09/20/1994,5.956
09/21/1994,5.956
09/22/1994,5.956
09/23/1994,5.956
09/24/1994,5.956
09/25/1994,5.956
09/26/1994,5.956
09/27/1994,5.956
09/28/1994,5.956
09/29/1994,5.956
09/30/1994,5.956
10/01/1994,5.738
10/02/1994,5.521
10/03/1994,5.521
10/04/1994,5.521
10/05/1994,5.521
10/06/1994,5.521
10/07/1994,5.956
10/08/1994,5.738
10/09/1994,5.521
10/10/1994,5.088
10/11/1994,5.088
10/12/1994,4.66
10/13/1994,4.66
10/14/1994,4.66
10/15/1994,4.874
10/16/1994,5.304
10/17/1994,6.614
10/18/1994,8.173
10/19/1994,7.501
10/20/1994,6.614
10/21/1994,6.614
10/22/1994,9.759
10/23/1994,11.834
10/24/1994,9.759
10/25/1994,13.942
10/26/1994,26.364
10/27/1994,48
10/28/1994,71.413
10/29/1994,56.781
10/30/1994,26.864
10/31/1994,17.519
11/01/1994,16.079
11/02/1994,16.079
11/03/1994,16.558
11/04/1994,16.318
11/05/1994,17.278
11/06/1994,19.699
11/07/1994,26.114
11/08/1994,16.558
11/09/1994,12.066
11/10/1994,10.907
11/11/1994,10.447
11/12/1994,9.988
11/13/1994,13.47
11/14/1994,87.051
11/15/1994,67.591
11/16/1994,68.408
11/17/1994,66.774
11/18/1994,72.509
11/19/1994,72.783
11/20/1994,68.408
11/21/1994,60.005
11/22/1994,54.907
11/23/1994,49.057
11/24/1994,44.317
11/25/1994,32.168
11/26/1994,23.38
11/27/1994,16.558
11/28/1994,22.147
11/29/1994,24.619
11/30/1994,26.614
12/01/1994,15.84
12/02/1994,13.235
12/03/1994,11.37
12/04/1994,11.834
12/05/1994,21.655
12/06/1994,81.313
12/07/1994,67.318
12/08/1994,48.793
12/09/1994,36.264
12/10/1994,27.366
12/11/1994,21.164
12/12/1994,19.212
12/13/1994,17.038
12/14/1994,14.651
12/15/1994,11.834
12/16/1994,11.834
12/17/1994,11.601
12/18/1994,15.126
12/19/1994,15.126
12/20/1994,19.212
12/21/1994,23.38
12/22/1994,83.853
12/23/1994,81.63
12/24/1994,58.929
12/25/1994,39.623
12/26/1994,29.127
12/27/1994,31.405
12/28/1994,26.364
12/29/1994,24.371
12/30/1994,23.133
12/31/1994,22.886
01/01/1995,29.884
01/02/1995,43.532
01/03/1995,48.264
01/04/1995,99.105
01/05/1995,138.586
01/06/1995,60.814
01/07/1995,43.793
01/08/1995,36.779
01/09/1995,30.391
01/10/1995,40.662
01/11/1995,36.007
01/12/1995,32.423
01/13/1995,30.644
01/14/1995,32.678
01/15/1995,31.659
01/16/1995,28.623
01/17/1995,23.133
01/18/1995,20.186
01/19/1995,36.007
01/20/1995,65.958
01/21/1995,59.198
01/22/1995,47.736
01/23/1995,41.182
01/24/1995,38.328
01/25/1995,34.723
01/26/1995,62.435
01/27/1995,45.104
01/28/1995,66.502
01/29/1995,87.051
01/30/1995,77.85
01/31/1995,65.144
02/01/1995,45.104
02/02/1995,48.264
02/03/1995,237.061
02/04/1995,239.061
02/05/1995,262.991
02/06/1995,243.4003108
02/07/1995,225.7225833
02/08/1995,227.397906
02/09/1995,240.1981747
02/10/1995,269.8973262
02/11/1995,295.069
02/12/1995,183.739
02/13/1995,133.276
02/14/1995,89.305
02/15/1995,60.275
02/16/1995,157.335
02/17/1995,181.851
02/18/1995,197.844
02/19/1995,255.536
02/20/1995,253.067
02/21/1995,278.5456123
02/22/1995,314.474
02/23/1995,260.996
02/24/1995,165.051
02/25/1995,126.268
02/26/1995,90.922
02/27/1995,74.704
02/28/1995,66.774
03/01/1995,61.084
03/02/1995,51.709
03/03/1995,48
03/04/1995,45.104
03/05/1995,52.773
03/06/1995,61.084
03/07/1995,54.106
03/08/1995,51.443
03/09/1995,61.894
03/10/1995,72.235
03/11/1995,64.33
03/12/1995,61.084
03/13/1995,52.241
03/14/1995,46.418
03/15/1995,43.532
03/16/1995,42.225
03/17/1995,41.182
03/18/1995,38.069
03/19/1995,47.736
03/20/1995,54.907
03/21/1995,40.662
03/22/1995,37.811
03/23/1995,36.007
03/24/1995,33.443
03/25/1995,33.954
03/26/1995,42.225
03/27/1995,39.883
03/28/1995,35.749
03/29/1995,32.423
03/30/1995,96.47
03/31/1995,131.516
04/01/1995,122.795
04/02/1995,99.105
04/03/1995,76.355
04/04/1995,46.418
04/05/1995,39.883
04/06/1995,37.553
04/07/1995,36.007
04/08/1995,37.553
04/09/1995,39.364
04/10/1995,38.587
04/11/1995,37.811
04/12/1995,34.723
04/13/1995,32.933
04/14/1995,31.405
04/15/1995,30.137
04/16/1995,29.127
04/17/1995,28.119
04/18/1995,29.127
04/19/1995,37.295
04/20/1995,59.467
04/21/1995,53.839
04/22/1995,40.662
04/23/1995,34.466
04/24/1995,31.659
04/25/1995,29.884
04/26/1995,28.623
04/27/1995,31.914
04/28/1995,31.405
04/29/1995,31.405
04/30/1995,29.379
05/01/1995,27.366
05/02/1995,25.864
05/03/1995,25.366
05/04/1995,23.875
05/05/1995,21.901
05/06/1995,20.675
05/07/1995,36.779
05/08/1995,33.443
05/09/1995,28.119
05/10/1995,42.486
05/11/1995,42.486
05/12/1995,31.405
05/13/1995,29.127
05/14/1995,28.119
05/15/1995,26.864
05/16/1995,29.127
05/17/1995,56.245
05/18/1995,33.615
05/19/1995,21.649
05/20/1995,20.238
05/21/1995,18.619
05/22/1995,24.045
05/23/1995,24.53
05/24/1995,22.84
05/25/1995,22.123
05/26/1995,21.886
05/27/1995,21.412
05/28/1995,21.176
05/29/1995,20.471
05/30/1995,20.471
05/31/1995,20.238
06/01/1995,18.619
06/02/1995,17.255
06/03/1995,17.255
06/04/1995,17.255
06/05/1995,17.707
06/06/1995,17.255
06/07/1995,16.806
06/08/1995,16.582
06/09/1995,16.136
06/10/1995,15.034
06/11/1995,13.308
06/12/1995,12.253
06/13/1995,11.836
06/14/1995,11.422
06/15/1995,11.012
06/16/1995,10.202
06/17/1995,9.802
06/18/1995,14.382
06/19/1995,14.382
06/20/1995,13.95
06/21/1995,13.308
06/22/1995,12.462
06/23/1995,12.883
06/24/1995,15.915
06/25/1995,18.39
06/26/1995,18.162
06/27/1995,17.934
06/28/1995,16.806
06/29/1995,15.253
06/30/1995,14.382
07/01/1995,14.165
07/02/1995,14.165
07/03/1995,14.165
07/04/1995,14.165
07/05/1995,14.165
07/06/1995,13.735
07/07/1995,13.521
07/08/1995,13.095
07/09/1995,22.84
07/10/1995,25.263
07/11/1995,26.247
07/12/1995,23.561
07/13/1995,19.078
07/14/1995,14.598
07/15/1995,14.382
07/16/1995,14.165
07/17/1995,13.95
07/18/1995,13.735
07/19/1995,13.735
07/20/1995,13.308
07/21/1995,13.735
07/22/1995,15.253
07/23/1995,15.253
07/24/1995,14.598
07/25/1995,13.308
07/26/1995,13.308
07/27/1995,13.308
07/28/1995,13.095
07/29/1995,12.883
07/30/1995,12.253
07/31/1995,12.044
08/01/1995,11.836
08/02/1995,11.629
08/03/1995,11.217
08/04/1995,11.217
08/05/1995,11.217
08/06/1995,11.217
08/07/1995,11.217
08/08/1995,11.217
08/09/1995,11.217
08/10/1995,11.217
08/11/1995,11.217
08/12/1995,10.808
08/13/1995,10.808
08/14/1995,10.403
08/15/1995,10.403
08/16/1995,10.001
08/17/1995,9.802
08/18/1995,9.405
08/19/1995,9.208
08/20/1995,9.208
08/21/1995,9.208
08/22/1995,9.208
08/23/1995,9.208
08/24/1995,9.012
08/25/1995,8.817
08/26/1995,8.817
08/27/1995,8.817
08/28/1995,8.817
08/29/1995,8.43
08/30/1995,8.43
08/31/1995,8.43
09/01/1995,8.43
09/02/1995,8.43
09/03/1995,8.43
09/04/1995,8.047
09/05/1995,8.047
09/06/1995,8.047
09/07/1995,8.047
09/08/1995,8.047
09/09/1995,8.047
09/10/1995,8.047
09/11/1995,8.047
09/12/1995,8.047
09/13/1995,8.047
09/14/1995,8.047
09/15/1995,8.047
09/16/1995,8.047
09/17/1995,8.047
09/18/1995,8.047
09/19/1995,10.001
09/20/1995,10.001
09/21/1995,10.001
09/22/1995,10.001
09/23/1995,10.001
09/24/1995,9.603
09/25/1995,9.603
09/26/1995,9.405
09/27/1995,9.208
09/28/1995,9.603
09/29/1995,9.208
09/30/1995,9.208
10/01/1995,8.817
10/02/1995,8.817
10/03/1995,8.623
10/04/1995,8.43
10/05/1995,8.817
10/06/1995,9.208
10/07/1995,8.43
10/08/1995,8.43
10/09/1995,8.43
10/10/1995,8.238
10/11/1995,7.667
10/12/1995,7.292
10/13/1995,7.479
10/14/1995,9.802
10/15/1995,15.694
10/16/1995,30.008
10/17/1995,27.239
10/18/1995,21.886
10/19/1995,17.707
10/20/1995,13.308
10/21/1995,11.629
10/22/1995,11.217
10/23/1995,10.403
10/24/1995,9.802
10/25/1995,9.603
10/26/1995,9.603
10/27/1995,10.403
10/28/1995,20.471
10/29/1995,22.84
10/30/1995,23.561
10/31/1995,18.619
11/01/1995,13.735
11/02/1995,13.308
11/03/1995,12.883
11/04/1995,12.462
11/05/1995,13.95
11/06/1995,13.308
11/07/1995,12.462
11/08/1995,36.244
11/09/1995,28.239
11/10/1995,25.263
11/11/1995,21.649
11/12/1995,26.494
11/13/1995,24.53
11/14/1995,19.54
11/15/1995,15.915
11/16/1995,11.629
11/17/1995,9.405
11/18/1995,9.208
11/19/1995,8.817
11/20/1995,8.817
11/21/1995,8.817
11/22/1995,8.238
11/23/1995,8.047
11/24/1995,11.629
11/25/1995,11.629
11/26/1995,11.629
11/27/1995,11.629
11/28/1995,15.473
11/29/1995,12.883
11/30/1995,10.808
12/01/1995,9.802
12/02/1995,9.603
12/03/1995,9.603
12/04/1995,8.817
12/05/1995,8.817
12/06/1995,11.44432001
12/07/1995,12.89323941
12/08/1995,12.49860575
12/09/1995,11.68942179
12/10/1995,8.589973484
12/11/1995,9.208
12/12/1995,44.381
12/13/1995,40.539
12/14/1995,38.11
12/15/1995,38.916
12/16/1995,37.308
12/17/1995,39.996
12/18/1995,41.356
12/19/1995,24.53
12/20/1995,13.521
12/21/1995,12.044
12/22/1995,32.058
12/23/1995,31.029
12/24/1995,24.53
12/25/1995,19.54
12/26/1995,15.915
12/27/1995,14.816
12/28/1995,20.005
12/29/1995,15.253
12/30/1995,67.056
12/31/1995,67.967
01/01/1996,63.738
01/02/1996,95.813
01/03/1996,119.688
01/04/1996,159.531
01/05/1996,133.629
01/06/1996,152.599
01/07/1996,190.192
01/08/1996,145.017
01/09/1996,126.616
01/10/1996,81.313
01/11/1996,142.508
01/12/1996,120.9049603
01/13/1996,91.28079135
01/14/1996,67.663
01/15/1996,45.214
01/16/1996,39.186
01/17/1996,36.244
01/18/1996,34.399
01/19/1996,64.038
01/20/1996,51.71
01/21/1996,61.348
01/22/1996,46.89
01/23/1996,35.451
01/24/1996,31.543
01/25/1996,33.354
01/26/1996,35.187
01/27/1996,48.862
01/28/1996,72.872
01/29/1996,60.754
01/30/1996,46.05
01/31/1996,29.5
02/01/1996,24.287
02/02/1996,23.561
02/03/1996,22.84
02/04/1996,24.774
02/05/1996,31.286
02/06/1996,27.738
02/07/1996,32.058
02/08/1996,39.726
02/09/1996,49.145
02/10/1996,41.629
02/11/1996,53.724
02/12/1996,34.399
02/13/1996,27.738
02/14/1996,25.508
02/15/1996,39.186
02/16/1996,33.094
02/17/1996,28.239
02/18/1996,83.853
02/19/1996,58.979
02/20/1996,52.284
02/21/1996,44.936
02/22/1996,38.378
02/23/1996,31.8
02/24/1996,32.575
02/25/1996,68.271
02/26/1996,50.567
02/27/1996,61.051
02/28/1996,78.477
02/29/1996,106.43
03/01/1996,82.898
03/02/1996,79.735
03/03/1996,88.659
03/04/1996,87.372
03/05/1996,88.982
03/06/1996,54.013
03/07/1996,80.997
03/08/1996,74.42
03/09/1996,69.492
03/10/1996,79.42
03/11/1996,54.882
03/12/1996,44.104
03/13/1996,55.755
03/14/1996,52.284
03/15/1996,65.543
03/16/1996,109.797
03/17/1996,121.412
03/18/1996,98.115
03/19/1996,88.982
03/20/1996,75.352
03/21/1996,66.45
03/22/1996,45.771
03/23/1996,41.629
03/24/1996,40.268
03/25/1996,38.647
03/26/1996,35.451
03/27/1996,34.924
03/28/1996,33.354
03/29/1996,32.058
03/30/1996,31.286
03/31/1996,30.263
04/01/1996,27.488
04/02/1996,25.263
04/03/1996,25.508
04/04/1996,27.738
04/05/1996,23.803
04/06/1996,23.08
04/07/1996,22.84
04/08/1996,22.362
04/09/1996,26.99
04/10/1996,28.239
04/11/1996,26.742
04/12/1996,32.575
04/13/1996,30.263
04/14/1996,27.239
04/15/1996,24.287
04/16/1996,23.803
04/17/1996,34.399
04/18/1996,34.399
04/19/1996,28.995
04/20/1996,24.53
04/21/1996,23.32
04/22/1996,22.123
04/23/1996,21.176
04/24/1996,20.005
04/25/1996,19.54
04/26/1996,18.619
04/27/1996,18.39
04/28/1996,17.934
04/29/1996,17.255
04/30/1996,16.806
05/01/1996,16.806
05/02/1996,16.359
05/03/1996,16.359
05/04/1996,15.915
05/05/1996,15.473
05/06/1996,15.473
05/07/1996,15.473
05/08/1996,15.473
05/09/1996,15.473
05/10/1996,15.473
05/11/1996,15.034
05/12/1996,15.034
05/13/1996,15.034
05/14/1996,15.034
05/15/1996,16.136
05/16/1996,24.287
05/17/1996,22.362
05/18/1996,19.078
05/19/1996,17.255
05/20/1996,16.136
05/21/1996,15.915
05/22/1996,15.915
05/23/1996,15.915
05/24/1996,15.473
05/25/1996,15.473
05/26/1996,15.034
05/27/1996,15.034
05/28/1996,15.034
05/29/1996,15.034
05/30/1996,15.034
05/31/1996,14.598
06/01/1996,14.165
06/02/1996,13.735
06/03/1996,13.735
06/04/1996,13.308
06/05/1996,13.308
06/06/1996,14.165
06/07/1996,13.735
06/08/1996,13.521
06/09/1996,12.883
06/10/1996,12.883
06/11/1996,12.883
06/12/1996,13.735
06/13/1996,13.735
06/14/1996,13.308
06/15/1996,13.308
06/16/1996,13.308
06/17/1996,13.308
06/18/1996,13.308
06/19/1996,13.308
06/20/1996,13.308
06/21/1996,13.308
06/22/1996,13.308
06/23/1996,13.308
06/24/1996,13.095
06/25/1996,12.883
06/26/1996,12.462
06/27/1996,13.095
06/28/1996,17.707
06/29/1996,15.915
06/30/1996,13.95
07/01/1996,13.308
07/02/1996,13.308
07/03/1996,13.308
07/04/1996,13.308
07/05/1996,12.883
07/06/1996,12.883
07/07/1996,12.462
07/08/1996,12.462
07/09/1996,12.462
07/10/1996,12.044
07/11/1996,11.629
07/12/1996,11.629
07/13/1996,11.217
07/14/1996,11.217
07/15/1996,11.217
07/16/1996,11.217
07/17/1996,10.403
07/18/1996,10.403
07/19/1996,10.001
07/20/1996,10.001
07/21/1996,10.001
07/22/1996,9.603
07/23/1996,9.603
07/24/1996,9.208
07/25/1996,9.012
07/26/1996,8.817
07/27/1996,8.43
07/28/1996,8.43
07/29/1996,8.43
07/30/1996,8.43
07/31/1996,8.43
08/01/1996,8.047
08/02/1996,8.047
08/03/1996,8.047
08/04/1996,8.047
08/05/1996,8.047
08/06/1996,8.047
08/07/1996,8.047
08/08/1996,8.047
08/09/1996,8.047
08/10/1996,9.802
08/11/1996,18.39
08/12/1996,12.672
08/13/1996,11.629
08/14/1996,13.521
08/15/1996,18.39
08/16/1996,14.816
08/17/1996,13.308
08/18/1996,10.403
08/19/1996,9.208
08/20/1996,9.208
08/21/1996,8.238
08/22/1996,8.047
08/23/1996,7.667
08/24/1996,7.667
08/25/1996,7.667
08/26/1996,7.667
08/27/1996,7.667
08/28/1996,7.667
08/29/1996,7.479
08/30/1996,7.292
08/31/1996,7.292
09/01/1996,8.817
09/02/1996,9.603
09/03/1996,10.403
09/04/1996,9.208
09/05/1996,21.176
09/06/1996,31.286
09/07/1996,29.754
09/08/1996,25.018
09/09/1996,38.11
09/10/1996,58.39
09/11/1996,57.802
09/12/1996,34.399
09/13/1996,23.32
09/14/1996,21.886
09/15/1996,17.03
09/16/1996,14.165
09/17/1996,35.715
09/18/1996,26.247
09/19/1996,15.473
09/20/1996,14.165
09/21/1996,13.521
09/22/1996,12.883
09/23/1996,12.044
09/24/1996,11.629
09/25/1996,11.012
09/26/1996,10.808
09/27/1996,10.202
09/28/1996,9.802
09/29/1996,9.012
09/30/1996,8.817
10/01/1996,9.405
10/02/1996,9.802
10/03/1996,17.707
10/04/1996,77.536
10/05/1996,64.639
10/06/1996,26.494
10/07/1996,20.005
10/08/1996,14.598
10/09/1996,20.005
10/10/1996,20.706
10/11/1996,17.934
10/12/1996,17.03
10/13/1996,20.005
10/14/1996,25.754
10/15/1996,22.6
10/16/1996,19.54
10/17/1996,16.806
10/18/1996,14.165
10/19/1996,13.95
10/20/1996,13.735
10/21/1996,17.03
10/22/1996,14.816
10/23/1996,14.165
10/24/1996,13.95
10/25/1996,14.382
10/26/1996,14.165
10/27/1996,25.263
10/28/1996,22.362
10/29/1996,20.005
10/30/1996,14.382
10/31/1996,13.308
11/01/1996,14.165
11/02/1996,13.521
11/03/1996,21.649
11/04/1996,21.886
11/05/1996,19.078
11/06/1996,17.481
11/07/1996,15.694
11/08/1996,13.735
11/09/1996,12.253
11/10/1996,11.629
11/11/1996,10.605
11/12/1996,10.202
11/13/1996,11.012
11/14/1996,14.382
11/15/1996,16.136
11/16/1996,28.995
11/17/1996,26.494
11/18/1996,25.263
11/19/1996,26.247
11/20/1996,49.145
11/21/1996,50.852
11/22/1996,45.771
11/23/1996,37.575
11/24/1996,30.518
11/25/1996,25.508
11/26/1996,21.412
11/27/1996,19.078
11/28/1996,17.934
11/29/1996,16.806
11/30/1996,20.238
12/01/1996,17.481
12/02/1996,16.136
12/03/1996,16.582
12/04/1996,15.915
12/05/1996,15.694
12/06/1996,15.473
12/07/1996,15.034
12/08/1996,14.816
12/09/1996,14.382
12/10/1996,13.95
12/11/1996,13.521
12/12/1996,14.382
12/13/1996,14.165
12/14/1996,14.165
12/15/1996,13.735
12/16/1996,14.382
12/17/1996,14.165
12/18/1996,13.521
12/19/1996,13.308
12/20/1996,28.239
12/21/1996,23.08
12/22/1996,147.535
12/23/1996,101.755
12/24/1996,84.49
12/25/1996,48.862
12/26/1996,24.045
12/27/1996,21.886
12/28/1996,21.649
12/29/1996,21.176
12/30/1996,20.941
12/31/1996,20.706
01/01/1997,19.309
01/02/1997,16.359
01/03/1997,14.165
01/04/1997,13.95
01/05/1997,13.735
01/06/1997,14.165
01/07/1997,15.694
01/08/1997,27.738
01/09/1997,36.244
01/10/1997,58.39
01/11/1997,45.771
01/12/1997,48.297
01/13/1997,38.647
01/14/1997,25.754
01/15/1997,41.083
01/16/1997,51.424
01/17/1997,24.287
01/18/1997,22.6
01/19/1997,21.649
01/20/1997,20.005
01/21/1997,20.471
01/22/1997,18.619
01/23/1997,17.03
01/24/1997,92.546
01/25/1997,97.127
01/26/1997,179.967
01/27/1997,105.09
01/28/1997,146.095
01/29/1997,143.94
01/30/1997,138.586
01/31/1997,126.965
02/01/1997,121.758
02/02/1997,110.473
02/03/1997,73.49
02/04/1997,44.381
02/05/1997,38.647
02/06/1997,32.575
02/07/1997,31.543
02/08/1997,25.754
02/09/1997,22.84
02/10/1997,20.471
02/11/1997,18.619
02/12/1997,17.03
02/13/1997,18.39
02/14/1997,20.238
02/15/1997,20.941
02/16/1997,16.136
02/17/1997,15.694
02/18/1997,58.979
02/19/1997,57.509
02/20/1997,51.997
02/21/1997,44.381
02/22/1997,42.45
02/23/1997,34.137
02/24/1997,33.354
02/25/1997,32.316
02/26/1997,28.742
02/27/1997,32.575
02/28/1997,30.008
03/01/1997,27.738
03/02/1997,24.774
03/03/1997,22.123
03/04/1997,19.309
03/05/1997,27.488
03/06/1997,26
03/07/1997,24.287
03/08/1997,25.018
03/09/1997,33.615
03/10/1997,26.742
03/11/1997,19.772
03/12/1997,18.39
03/13/1997,17.707
03/14/1997,16.359
03/15/1997,15.915
03/16/1997,15.915
03/17/1997,15.694
03/18/1997,15.473
03/19/1997,15.473
03/20/1997,15.473
03/21/1997,15.473
03/22/1997,13.095
03/23/1997,10.808
03/24/1997,10.808
03/25/1997,10.808
03/26/1997,10.403
03/27/1997,10.808
03/28/1997,11.836
03/29/1997,13.735
03/30/1997,13.735
03/31/1997,13.735
04/01/1997,23.561
04/02/1997,19.309
04/03/1997,16.136
04/04/1997,15.034
04/05/1997,14.382
04/06/1997,13.95
04/07/1997,13.521
04/08/1997,13.308
04/09/1997,13.308
04/10/1997,12.883
04/11/1997,12.883
04/12/1997,12.044
04/13/1997,12.044
04/14/1997,11.629
04/15/1997,11.217
04/16/1997,10.808
04/17/1997,10.001
04/18/1997,10.001
04/19/1997,9.603
04/20/1997,9.208
04/21/1997,9.802
04/22/1997,10.808
04/23/1997,11.629
04/24/1997,11.217
04/25/1997,11.012
04/26/1997,10.605
04/27/1997,10.202
04/28/1997,10.001
04/29/1997,10.001
04/30/1997,9.603
05/01/1997,9.208
05/02/1997,9.208
05/03/1997,9.012
05/04/1997,8.817
05/05/1997,8.817
05/06/1997,8.43
05/07/1997,8.43
05/08/1997,8.238
05/09/1997,8.047
05/10/1997,8.047
05/11/1997,7.856
05/12/1997,7.667
05/13/1997,7.667
05/14/1997,7.667
05/15/1997,9.405
05/16/1997,9.603
05/17/1997,10.202
05/18/1997,10.605
05/19/1997,10.403
05/20/1997,10.403
05/21/1997,10.001
05/22/1997,10.001
05/23/1997,10.001
05/24/1997,13.735
05/25/1997,23.561
05/26/1997,23.561
05/27/1997,15.034
05/28/1997,12.672
05/29/1997,11.217
05/30/1997,10.403
05/31/1997,9.802
06/01/1997,9.603
06/02/1997,32.834
06/03/1997,74.73
06/04/1997,100.097
06/05/1997,77.85
06/06/1997,60.457
06/07/1997,48.579
06/08/1997,33.354
06/09/1997,20.238
06/10/1997,15.915
06/11/1997,14.382
06/12/1997,14.165
06/13/1997,37.308
06/14/1997,91.571
06/15/1997,77.536
06/16/1997,40.268
06/17/1997,21.649
06/18/1997,15.253
06/19/1997,12.462
06/20/1997,19.54
06/21/1997,81.313
06/22/1997,47.171
06/23/1997,38.11
06/24/1997,27.989
06/25/1997,18.619
06/26/1997,15.915
06/27/1997,13.735
06/28/1997,15.915
06/29/1997,15.034
06/30/1997,12.462
07/01/1997,11.422
07/02/1997,14.598
07/03/1997,13.735
07/04/1997,13.735
07/05/1997,13.308
07/06/1997,13.308
07/07/1997,13.308
07/08/1997,12.883
07/09/1997,12.883
07/10/1997,12.883
07/11/1997,12.672
07/12/1997,12.253
07/13/1997,11.836
07/14/1997,11.422
07/15/1997,10.808
07/16/1997,10.403
07/17/1997,9.802
07/18/1997,8.43
07/19/1997,8.43
07/20/1997,8.43
07/21/1997,13.735
07/22/1997,28.239
07/23/1997,17.707
07/24/1997,15.915
07/25/1997,14.598
07/26/1997,13.308
07/27/1997,12.672
07/28/1997,12.044
07/29/1997,10.808
07/30/1997,10.403
07/31/1997,10.001
08/01/1997,9.208
08/02/1997,8.43
08/03/1997,8.43
08/04/1997,8.238
08/05/1997,9.405
08/06/1997,11.217
08/07/1997,10.403
08/08/1997,10.001
08/09/1997,10.001
08/10/1997,10.001
08/11/1997,10.001
08/12/1997,10.001
08/13/1997,10.001
08/14/1997,9.802
08/15/1997,9.603
08/16/1997,9.603
08/17/1997,9.603
08/18/1997,9.603
08/19/1997,9.603
08/20/1997,10.403
08/21/1997,10.001
08/22/1997,9.802
08/23/1997,9.603
08/24/1997,9.603
08/25/1997,9.603
08/26/1997,9.603
08/27/1997,9.603
08/28/1997,9.603
08/29/1997,9.603
08/30/1997,9.603
08/31/1997,9.603
09/01/1997,9.405
09/02/1997,9.208
09/03/1997,9.208
09/04/1997,9.208
09/05/1997,9.208
09/06/1997,9.208
09/07/1997,9.208
09/08/1997,9.208
09/09/1997,9.208
09/10/1997,9.208
09/11/1997,9.208
09/12/1997,9.208
09/13/1997,9.208
09/14/1997,9.208
09/15/1997,16.806
09/16/1997,13.95
09/17/1997,12.044
09/18/1997,10.808
09/19/1997,10.403
09/20/1997,18.848
09/21/1997,24.045
09/22/1997,14.165
09/23/1997,11.217
09/24/1997,9.802
09/25/1997,8.623
09/26/1997,7.292
09/27/1997,6.626
09/28/1997,6.532
09/29/1997,6.719
09/30/1997,6.813
10/01/1997,6.719
10/02/1997,6.907
10/03/1997,6.907
10/04/1997,6.907
10/05/1997,6.907
10/06/1997,7.106
10/07/1997,7.479
10/08/1997,8.623
10/09/1997,8.623
10/10/1997,8.238
10/11/1997,7.667
10/12/1997,7.667
10/13/1997,7.667
10/14/1997,7.292
10/15/1997,7.292
10/16/1997,6.907
10/17/1997,6.907
10/18/1997,6.907
10/19/1997,8.238
10/20/1997,10.605
10/21/1997,19.772
10/22/1997,17.255
10/23/1997,14.816
10/24/1997,11.422
10/25/1997,11.217
10/26/1997,13.095
10/27/1997,11.629
10/28/1997,9.208
10/29/1997,8.238
10/30/1997,7.667
10/31/1997,9.405
11/01/1997,12.044
11/02/1997,13.735
11/03/1997,12.883
11/04/1997,11.836
11/05/1997,11.629
11/06/1997,11.217
11/07/1997,10.808
11/08/1997,11.012
11/09/1997,12.883
11/10/1997,18.162
11/11/1997,28.995
11/12/1997,55.755
11/13/1997,78.163
11/14/1997,76.911
11/15/1997,90.922
11/16/1997,154.053
11/17/1997,209.445
11/18/1997,171.355
11/19/1997,87.372
11/20/1997,50.852
11/21/1997,46.89
11/22/1997,108.447
11/23/1997,156.239
11/24/1997,124.876
11/25/1997,98.115
11/26/1997,88.337
11/27/1997,84.171
11/28/1997,83.534
11/29/1997,80.05
11/30/1997,76.598
12/01/1997,46.05
12/02/1997,27.738
12/03/1997,24.53
12/04/1997,30.263
12/05/1997,25.263
12/06/1997,22.6
12/07/1997,22.123
12/08/1997,27.989
12/09/1997,30.518
12/10/1997,23.32
12/11/1997,21.412
12/12/1997,19.54
12/13/1997,17.707
12/14/1997,16.136
12/15/1997,15.473
12/16/1997,15.253
12/17/1997,15.034
12/18/1997,15.034
12/19/1997,14.382
12/20/1997,13.735
12/21/1997,13.735
12/22/1997,25.263
12/23/1997,51.424
12/24/1997,108.447
12/25/1997,169.867
12/26/1997,103.753
12/27/1997,57.215
12/28/1997,38.647
12/29/1997,28.239
12/30/1997,49.997
12/31/1997,26.247
01/01/1998,23.08
01/02/1998,22.6
01/03/1998,21.886
01/04/1998,20.706
01/05/1998,19.309
01/06/1998,21.886
01/07/1998,24.53
01/08/1998,22.362
01/09/1998,22.362
01/10/1998,20.941
01/11/1998,19.078
01/12/1998,17.934
01/13/1998,17.255
01/14/1998,15.694
01/15/1998,14.816
01/16/1998,20.005
01/17/1998,20.005
01/18/1998,22.362
01/19/1998,30.518
01/20/1998,37.041
01/21/1998,40.268
01/22/1998,37.308
01/23/1998,36.244
01/24/1998,33.876
01/25/1998,36.244
01/26/1998,35.451
01/27/1998,33.354
01/28/1998,31.8
01/29/1998,31.286
01/30/1998,30.773
01/31/1998,29.754
02/01/1998,28.995
02/02/1998,25.754
02/03/1998,20.471
02/04/1998,16.582
02/05/1998,18.848
02/06/1998,37.041
02/07/1998,35.715
02/08/1998,34.924
02/09/1998,34.137
02/10/1998,22.84
02/11/1998,21.649
02/12/1998,21.649
02/13/1998,43
02/14/1998,66.147
02/15/1998,83.853
02/16/1998,138.23
02/17/1998,152.962
02/18/1998,148.256
02/19/1998,144.658
02/20/1998,79.735
02/21/1998,73.8
02/22/1998,70.41
02/23/1998,64.94
02/24/1998,58.979
02/25/1998,59.569
02/26/1998,61.348
02/27/1998,76.286
02/28/1998,96.47
03/01/1998,93.524
03/02/1998,82.898
03/03/1998,95.158
03/04/1998,105.759
03/05/1998,113.867
03/06/1998,104.087
03/07/1998,89.305
03/08/1998,69.798
03/09/1998,35.187
03/10/1998,29.247
03/11/1998,25.754
03/12/1998,24.774
03/13/1998,31.543
03/14/1998,27.738
03/15/1998,23.561
03/16/1998,23.08
03/17/1998,22.6
03/18/1998,21.649
03/19/1998,20.941
03/20/1998,20.005
03/21/1998,19.54
03/22/1998,21.886
03/23/1998,27.488
03/24/1998,24.045
03/25/1998,22.123
03/26/1998,20.005
03/27/1998,19.309
03/28/1998,22.123
03/29/1998,70.717
03/30/1998,46.61
03/31/1998,40.811
04/01/1998,36.775
04/02/1998,27.989
04/03/1998,25.018
04/04/1998,22.123
04/05/1998,21.176
04/06/1998,20.238
04/07/1998,20.238
04/08/1998,20.941
04/09/1998,22.6
04/10/1998,21.886
04/11/1998,21.412
04/12/1998,20.941
04/13/1998,19.772
04/14/1998,19.078
04/15/1998,17.481
04/16/1998,16.806
04/17/1998,16.136
04/18/1998,15.034
04/19/1998,14.816
04/20/1998,14.598
04/21/1998,14.598
04/22/1998,14.382
04/23/1998,14.165
04/24/1998,13.95
04/25/1998,13.95
04/26/1998,13.735
04/27/1998,17.707
04/28/1998,30.773
04/29/1998,35.187
04/30/1998,25.508
05/01/1998,21.412
05/02/1998,21.176
05/03/1998,20.706
05/04/1998,20.471
05/05/1998,20.005
05/06/1998,19.309
05/07/1998,18.848
05/08/1998,17.707
05/09/1998,16.136
05/10/1998,15.473
05/11/1998,14.816
05/12/1998,14.382
05/13/1998,13.735
05/14/1998,13.521
05/15/1998,13.095
05/16/1998,12.044
05/17/1998,12.044
05/18/1998,11.836
05/19/1998,11.629
05/20/1998,11.629
05/21/1998,11.629
05/22/1998,12.462
05/23/1998,13.735
05/24/1998,13.521
05/25/1998,13.308
05/26/1998,13.308
05/27/1998,34.137
05/28/1998,23.08
05/29/1998,27.488
05/30/1998,50.852
05/31/1998,33.876
06/01/1998,23.32
06/02/1998,20.941
06/03/1998,18.848
06/04/1998,18.162
06/05/1998,17.934
06/06/1998,16.582
06/07/1998,13.95
06/08/1998,13.521
06/09/1998,12.883
06/10/1998,12.883
06/11/1998,12.883
06/12/1998,12.883
06/13/1998,12.883
06/14/1998,12.883
06/15/1998,12.883
06/16/1998,12.883
06/17/1998,12.883
06/18/1998,12.883
06/19/1998,14.165
06/20/1998,14.382
06/21/1998,13.735
06/22/1998,13.308
06/23/1998,13.095
06/24/1998,12.883
06/25/1998,12.883
06/26/1998,12.883
06/27/1998,12.883
06/28/1998,12.883
06/29/1998,12.672
06/30/1998,12.462
07/01/1998,12.883
07/02/1998,12.883
07/03/1998,12.462
07/04/1998,12.044
07/05/1998,12.044
07/06/1998,11.629
07/07/1998,11.629
07/08/1998,11.629
07/09/1998,11.629
07/10/1998,11.629
07/11/1998,11.217
07/12/1998,11.217
07/13/1998,11.217
07/14/1998,11.217
07/15/1998,11.217
07/16/1998,10.808
07/17/1998,10.605
07/18/1998,10.403
07/19/1998,10.001
07/20/1998,10.001
07/21/1998,10.001
07/22/1998,10.001
07/23/1998,10.001
07/24/1998,10.001
07/25/1998,9.802
07/26/1998,9.603
07/27/1998,9.603
07/28/1998,9.603
07/29/1998,9.603
07/30/1998,9.603
07/31/1998,9.603
08/01/1998,9.208
08/02/1998,10.001
08/03/1998,10.403
08/04/1998,10.403
08/05/1998,10.001
08/06/1998,10.001
08/07/1998,10.001
08/08/1998,10.001
08/09/1998,12.044
08/10/1998,13.095
08/11/1998,10.808
08/12/1998,10.202
08/13/1998,9.802
08/14/1998,9.603
08/15/1998,9.603
08/16/1998,9.603
08/17/1998,9.603
08/18/1998,9.603
08/19/1998,9.603
08/20/1998,9.603
08/21/1998,9.405
08/22/1998,9.208
08/23/1998,9.208
08/24/1998,9.208
08/25/1998,9.208
08/26/1998,9.208
08/27/1998,8.817
08/28/1998,8.817
08/29/1998,8.817
08/30/1998,8.817
08/31/1998,8.43
09/01/1998,8.047
09/02/1998,7.667
09/03/1998,7.667
09/04/1998,7.667
09/05/1998,10.808
09/06/1998,10.001
09/07/1998,17.03
09/08/1998,16.582
09/09/1998,15.473
09/10/1998,14.165
09/11/1998,13.308
09/12/1998,12.462
09/13/1998,11.422
09/14/1998,11.217
09/15/1998,12.883
09/16/1998,12.253
09/17/1998,11.217
09/18/1998,10.403
09/19/1998,9.603
09/20/1998,9.603
09/21/1998,13.095
09/22/1998,11.836
09/23/1998,11.217
09/24/1998,9.802
09/25/1998,8.43
09/26/1998,8.047
09/27/1998,7.856
09/28/1998,8.817
09/29/1998,10.808
09/30/1998,9.012
10/01/1998,8.817
10/02/1998,8.817
10/03/1998,8.817
10/04/1998,9.405
10/05/1998,13.521
10/06/1998,28.239
10/07/1998,32.834
10/08/1998,45.492
10/09/1998,35.715
10/10/1998,26.99
10/11/1998,23.561
10/12/1998,18.619
10/13/1998,15.473
10/14/1998,13.095
10/15/1998,11.012
10/16/1998,14.165
10/17/1998,38.378
10/18/1998,26.494
10/19/1998,14.165
10/20/1998,12.462
10/21/1998,11.836
10/22/1998,10.605
10/23/1998,10.001
10/24/1998,8.43
10/25/1998,8.238
10/26/1998,11.629
10/27/1998,14.165
10/28/1998,12.883
10/29/1998,10.605
10/30/1998,10.403
10/31/1998,10.403
11/01/1998,10.403
11/02/1998,10.403
11/03/1998,10.403
11/04/1998,10.001
11/05/1998,10.001
11/06/1998,9.802
11/07/1998,9.603
11/08/1998,9.603
11/09/1998,9.603
11/10/1998,9.603
11/11/1998,9.603
11/12/1998,9.603
11/13/1998,9.405
11/14/1998,9.208
11/15/1998,10.202
11/16/1998,9.405
11/17/1998,9.208
11/18/1998,9.208
11/19/1998,9.208
11/20/1998,9.208
11/21/1998,9.012
11/22/1998,8.817
11/23/1998,8.817
11/24/1998,8.623
11/25/1998,8.047
11/26/1998,6.907
11/27/1998,6.813
11/28/1998,6.719
11/29/1998,6.719
11/30/1998,6.719
12/01/1998,6.719
12/02/1998,6.719
12/03/1998,6.719
12/04/1998,6.907
12/05/1998,19.078
12/06/1998,24.53
12/07/1998,19.078
12/08/1998,13.95
12/09/1998,11.836
12/10/1998,10.605
12/11/1998,9.603
12/12/1998,8.43
12/13/1998,7.856
12/14/1998,7.479
12/15/1998,10.202
12/16/1998,26.742
12/17/1998,29.5
12/18/1998,17.707
12/19/1998,15.915
12/20/1998,13.95
12/21/1998,10.808
12/22/1998,10.605
12/23/1998,20.941
12/24/1998,16.806
12/25/1998,18.848
12/26/1998,24.045
12/27/1998,22.84
12/28/1998,23.561
12/29/1998,44.381
12/30/1998,54.013
12/31/1998,50.852
01/01/1999,52.284
01/02/1999,74.42
01/03/1999,66.147
01/04/1999,53.435
01/05/1999,29.247
01/06/1999,167.64
01/07/1999,303.41
01/08/1999,258.7347922
01/09/1999,211.783
01/10/1999,158.432
01/11/1999,60.457
01/12/1999,72.255
01/13/1999,67.967
01/14/1999,61.348
01/15/1999,86.088
01/16/1999,209.445
01/17/1999,123.488
01/18/1999,87.051
01/19/1999,56.63
01/20/1999,44.658
01/21/1999,36.775
01/22/1999,33.354
01/23/1999,31.286
01/24/1999,29.247
01/25/1999,43
01/26/1999,36.775
01/27/1999,221.583
01/28/1999,130.814
01/29/1999,99.766
01/30/1999,134.688
01/31/1999,116.256
02/01/1999,77.536
02/02/1999,88.015
02/03/1999,62.541
02/04/1999,45.492
02/05/1999,41.902
02/06/1999,36.775
02/07/1999,32.316
02/08/1999,102.753
02/09/1999,49.997
02/10/1999,84.809
02/11/1999,118.313
02/12/1999,80.681
02/13/1999,88.337
02/14/1999,78.477
02/15/1999,75.352
02/16/1999,68.271
02/17/1999,61.944
02/18/1999,56.046
02/19/1999,48.579
02/20/1999,49.997
02/21/1999,58.979
02/22/1999,59.569
02/23/1999,59.865
02/24/1999,58.979
02/25/1999,60.457
02/26/1999,65.845
02/27/1999,99.766
02/28/1999,121.758
03/01/1999,76.911
03/02/1999,74.42
03/03/1999,75.352
03/04/1999,62.242
03/05/1999,54.882
03/06/1999,60.457
03/07/1999,97.456
03/08/1999,61.051
03/09/1999,37.308
03/10/1999,143.94
03/11/1999,178.838
03/12/1999,221.977
03/13/1999,122.103
03/14/1999,111.828
03/15/1999,103.419
03/16/1999,101.091
03/17/1999,38.647
03/18/1999,34.137
03/19/1999,31.8
03/20/1999,30.263
03/21/1999,28.995
03/22/1999,28.491
03/23/1999,27.738
03/24/1999,62.242
03/25/1999,56.338
03/26/1999,42.725
03/27/1999,33.615
03/28/1999,30.518
03/29/1999,30.008
03/30/1999,29.754
03/31/1999,29.247
04/01/1999,28.742
04/02/1999,27.738
04/03/1999,26.247
04/04/1999,24.53
04/05/1999,23.32
04/06/1999,23.32
04/07/1999,23.32
04/08/1999,23.32
04/09/1999,23.32
04/10/1999,23.08
04/11/1999,22.84
04/12/1999,22.6
04/13/1999,22.362
04/14/1999,25.754
04/15/1999,26.494
04/16/1999,23.561
04/17/1999,22.362
04/18/1999,22.123
04/19/1999,21.886
04/20/1999,21.649
04/21/1999,21.176
04/22/1999,20.941
04/23/1999,20.941
04/24/1999,20.941
04/25/1999,20.941
04/26/1999,20.941
04/27/1999,20.941
04/28/1999,20.471
04/29/1999,20.005
04/30/1999,19.772
05/01/1999,19.54
05/02/1999,19.078
05/03/1999,18.619
05/04/1999,18.619
05/05/1999,24.53
05/06/1999,21.649
05/07/1999,18.619
05/08/1999,18.619
05/09/1999,18.162
05/10/1999,18.162
05/11/1999,19.54
05/12/1999,21.886
05/13/1999,20.941
05/14/1999,20.005
05/15/1999,20.005
05/16/1999,18.619
05/17/1999,18.619
05/18/1999,18.39
05/19/1999,17.934
05/20/1999,17.707
05/21/1999,17.255
05/22/1999,17.03
05/23/1999,16.806
05/24/1999,16.359
05/25/1999,15.694
05/26/1999,15.034
05/27/1999,14.598
05/28/1999,14.382
05/29/1999,13.95
05/30/1999,15.034
05/31/1999,13.735
06/01/1999,13.735
06/02/1999,13.735
06/03/1999,15.02073593
06/04/1999,16.19514357
06/05/1999,17.05639514
06/06/1999,17.72562431
06/07/1999,18.22623851
06/08/1999,18.62309034
06/09/1999,18.95337166
06/10/1999,19.23590776
06/11/1999,19.47585014
06/12/1999,19.66594347
06/13/1999,19.78468413
06/14/1999,19.79090892
06/15/1999,19.61345859
06/16/1999,19.93551716
06/17/1999,21.39555896
06/18/1999,24.774
06/19/1999,47.733
06/20/1999,74.109
06/21/1999,46.33
06/22/1999,30.008
06/23/1999,23.803
06/24/1999,21.25217283
06/25/1999,20.5437715
06/26/1999,20.24040929
06/27/1999,20.00661634
06/28/1999,19.73926638
06/29/1999,19.45416737
06/30/1999,19.16090775
07/01/1999,18.86528719
07/02/1999,18.57079778
07/03/1999,18.27952642
07/04/1999,17.99270475
07/05/1999,17.71104415
07/06/1999,17.43493986
07/07/1999,17.16459538
07/08/1999,16.90009821
07/09/1999,16.641466
07/10/1999,16.38867468
07/11/1999,16.14167554
07/12/1999,15.90040567
07/13/1999,15.6647943
07/14/1999,15.4347666
07/15/1999,15.21024605
07/16/1999,14.99115583
07/17/1999,14.77741961
07/18/1999,14.56896209
07/19/1999,14.36570915
07/20/1999,14.167588
07/21/1999,13.9745271
07/22/1999,13.7864559
07/23/1999,13.60330449
07/24/1999,13.42500288
07/25/1999,13.2514798
07/26/1999,13.08266085
07/27/1999,12.91846532
07/28/1999,12.7588011
07/29/1999,12.60355621
07/30/1999,12.45258508
07/31/1999,12.30568586
08/01/1999,12.16256337
08/02/1999,12.02276815
08/03/1999,11.88559654
08/04/1999,11.7499267
08/05/1999,11.61394945
08/06/1999,11.47472659
08/07/1999,11.32746602
08/08/1999,11.16433209
08/09/1999,10.9724932
08/10/1999,10.73091757
08/11/1999,10.43220834
08/12/1999,10.0420056
08/13/1999,9.603
08/14/1999,9.603
08/15/1999,9.603
08/16/1999,9.603
08/17/1999,9.603
08/18/1999,9.603
08/19/1999,9.603
08/20/1999,9.603
08/21/1999,9.603
08/22/1999,9.405
08/23/1999,9.208
08/24/1999,9.208
08/25/1999,9.208
08/26/1999,9.208
08/27/1999,9.208
08/28/1999,9.208
08/29/1999,9.208
08/30/1999,9.208
08/31/1999,9.208
09/01/1999,9.208
09/02/1999,9.208
09/03/1999,9.208
09/04/1999,9.208
09/05/1999,9.208
09/06/1999,9.208
09/07/1999,9.208
09/08/1999,9.208
09/09/1999,15.915
09/10/1999,32.575
09/11/1999,38.647
09/12/1999,37.842
09/13/1999,32.316
09/14/1999,21.649
09/15/1999,22.123
09/16/1999,18.619
09/17/1999,16.582
09/18/1999,15.034
09/19/1999,13.521
09/20/1999,12.253
09/21/1999,11.836
09/22/1999,11.629
09/23/1999,11.217
09/24/1999,10.808
09/25/1999,10.403
09/26/1999,10.001
09/27/1999,9.603
09/28/1999,9.405
09/29/1999,9.208
09/30/1999,9.208
10/01/1999,9.208
10/02/1999,9.208
10/03/1999,9.208
10/04/1999,9.208
10/05/1999,9.208
10/06/1999,9.208
10/07/1999,9.208
10/08/1999,9.208
10/09/1999,11.836
10/10/1999,14.165
10/11/1999,12.883
10/12/1999,12.672
10/13/1999,12.462
10/14/1999,12.044
10/15/1999,12.044
10/16/1999,13.095
10/17/1999,16.806
10/18/1999,13.95
10/19/1999,12.044
10/20/1999,13.095
10/21/1999,11.217
10/22/1999,9.603
10/23/1999,8.43
10/24/1999,8.238
10/25/1999,8.047
10/26/1999,8.047
10/27/1999,8.047
10/28/1999,8.047
10/29/1999,8.047
10/30/1999,8.047
10/31/1999,8.047
11/01/1999,8.047
11/02/1999,7.667
11/03/1999,7.667
11/04/1999,7.667
11/05/1999,7.667
11/06/1999,7.667
11/07/1999,7.667
11/08/1999,7.479
11/09/1999,7.292
11/10/1999,7.292
11/11/1999,7.479
11/12/1999,8.43
11/13/1999,9.208
11/14/1999,9.802
11/15/1999,10.001
11/16/1999,9.012
11/17/1999,7.856
11/18/1999,7.292
11/19/1999,7.292
11/20/1999,15.694
11/21/1999,12.883
11/22/1999,9.603
11/23/1999,9.603
11/24/1999,9.603
11/25/1999,9.208
11/26/1999,9.208
11/27/1999,9.012
11/28/1999,8.817
11/29/1999,8.623
11/30/1999,8.047
12/01/1999,8.047
12/02/1999,8.047
12/03/1999,8.047
12/04/1999,17.03
12/05/1999,10.808
12/06/1999,8.43
12/07/1999,7.667
12/08/1999,7.292
12/09/1999,11.629
12/10/1999,47.171
12/11/1999,37.041
12/12/1999,32.834
12/13/1999,45.771
12/14/1999,87.051
12/15/1999,27.989
12/16/1999,21.649
12/17/1999,14.598
12/18/1999,12.253
12/19/1999,10.808
12/20/1999,9.802
12/21/1999,9.405
12/22/1999,8.623
12/23/1999,9.603
12/24/1999,9.603
12/25/1999,9.603
12/26/1999,9.603
12/27/1999,14.816
12/28/1999,11.217
12/29/1999,11.012
12/30/1999,10.001
12/31/1999,21.412
01/01/2000,61.646
01/02/2000,99.435
01/03/2000,91.247
01/04/2000,80.997
01/05/2000,70.717
01/06/2000,58.979
01/07/2000,60.161
01/08/2000,61.348
01/09/2000,45.492
01/10/2000,22.362
01/11/2000,21.176
01/12/2000,16.136
01/13/2000,12.883
01/14/2000,21.412
01/15/2000,17.934
01/16/2000,13.308
01/17/2000,56.63
01/18/2000,37.308
01/19/2000,20.706
01/20/2000,18.162
01/21/2000,15.915
01/22/2000,14.598
01/23/2000,13.308
01/24/2000,12.672
01/25/2000,12.462
01/26/2000,12.044
01/27/2000,32.316
01/28/2000,24.287
01/29/2000,19.078
01/30/2000,15.915
01/31/2000,12.253
02/01/2000,93.198
02/02/2000,67.967
02/03/2000,58.684
02/04/2000,27.488
02/05/2000,23.561
02/06/2000,21.886
02/07/2000,20.238
02/08/2000,19.772
02/09/2000,27.239
02/10/2000,37.041
02/11/2000,53.724
02/12/2000,108.447
02/13/2000,151.148
02/14/2000,110.135
02/15/2000,76.598
02/16/2000,45.492
02/17/2000,38.916
02/18/2000,36.775
02/19/2000,33.354
02/20/2000,31.286
02/21/2000,26.99
02/22/2000,23.32
02/23/2000,22.84
02/24/2000,24.287
02/25/2000,23.803
02/26/2000,35.187
02/27/2000,38.916
02/28/2000,31.029
02/29/2000,25.754
03/01/2000,44.104
03/02/2000,35.451
03/03/2000,23.803
03/04/2000,20.238
03/05/2000,18.848
03/06/2000,17.934
03/07/2000,15.915
03/08/2000,121.067
03/09/2000,103.419
03/10/2000,39.186
03/11/2000,32.316
03/12/2000,28.742
03/13/2000,25.754
03/14/2000,23.803
03/15/2000,22.362
03/16/2000,21.886
03/17/2000,20.706
03/18/2000,20.238
03/19/2000,32.575
03/20/2000,79.735
03/21/2000,74.109
03/22/2000,51.71
03/23/2000,45.771
03/24/2000,47.452
03/25/2000,39.186
03/26/2000,39.186
03/27/2000,49.145
03/28/2000,40.268
03/29/2000,148.617
03/30/2000,53.724
03/31/2000,44.936
04/01/2000,38.378
04/02/2000,31.543
04/03/2000,25.754
04/04/2000,22.362
04/05/2000,22.362
04/06/2000,21.886
04/07/2000,21.412
04/08/2000,20.941
04/09/2000,20.941
04/10/2000,20.706
04/11/2000,20.238
04/12/2000,19.54
04/13/2000,18.848
04/14/2000,18.39
04/15/2000,17.934
04/16/2000,17.707
04/17/2000,17.481
04/18/2000,16.582
04/19/2000,16.359
04/20/2000,15.915
04/21/2000,14.382
04/22/2000,13.095
04/23/2000,12.253
04/24/2000,12.253
04/25/2000,11.836
04/26/2000,15.694
04/27/2000,13.95
04/28/2000,13.308
04/29/2000,12.672
04/30/2000,12.462
05/01/2000,12.044
05/02/2000,11.629
05/03/2000,11.629
05/04/2000,11.629
05/05/2000,11.629
05/06/2000,13.735
05/07/2000,11.629
05/08/2000,11.629
05/09/2000,13.521
05/10/2000,12.883
05/11/2000,12.672
05/12/2000,12.462
05/13/2000,12.462
05/14/2000,12.253
05/15/2000,12.044
05/16/2000,12.044
05/17/2000,12.044
05/18/2000,11.836
05/19/2000,11.629
05/20/2000,11.629
05/21/2000,11.629
05/22/2000,11.629
05/23/2000,11.422
05/24/2000,11.217
05/25/2000,11.217
05/26/2000,12.044
05/27/2000,12.672
05/28/2000,12.462
05/29/2000,12.253
05/30/2000,11.836
05/31/2000,11.629
06/01/2000,11.629
06/02/2000,11.629
06/03/2000,11.629
06/04/2000,11.629
06/05/2000,11.629
06/06/2000,11.629
06/07/2000,11.217
06/08/2000,11.217
06/09/2000,10.808
06/10/2000,10.808
06/11/2000,10.605
06/12/2000,10.403
06/13/2000,10.403
06/14/2000,10.001
06/15/2000,10.001
06/16/2000,10.001
06/17/2000,9.802
06/18/2000,9.603
06/19/2000,9.603
06/20/2000,9.603
06/21/2000,9.802
06/22/2000,10.202
06/23/2000,10.403
06/24/2000,10.403
06/25/2000,10.001
06/26/2000,10.001
06/27/2000,10.001
06/28/2000,9.802
06/29/2000,9.603
06/30/2000,9.802
07/01/2000,10.001
07/02/2000,10.001
07/03/2000,10.001
07/04/2000,10.001
07/05/2000,10.001
07/06/2000,9.603
07/07/2000,9.603
07/08/2000,9.603
07/09/2000,9.405
07/10/2000,9.208
07/11/2000,9.208
07/12/2000,9.208
07/13/2000,8.817
07/14/2000,8.817
07/15/2000,16.136
07/16/2000,12.462
07/17/2000,10.605
07/18/2000,10.001
07/19/2000,10.001
07/20/2000,10.001
07/21/2000,10.001
07/22/2000,12.462
07/23/2000,17.707
07/24/2000,17.255
07/25/2000,16.136
07/26/2000,14.598
07/27/2000,13.521
07/28/2000,12.462
07/29/2000,11.629
07/30/2000,11.012
07/31/2000,10.605
08/01/2000,10.202
08/02/2000,9.802
08/03/2000,9.405
08/04/2000,9.208
08/05/2000,9.012
08/06/2000,8.817
08/07/2000,8.817
08/08/2000,8.817
08/09/2000,8.43
08/10/2000,8.43
08/11/2000,8.43
08/12/2000,8.43
08/13/2000,8.43
08/14/2000,8.43
08/15/2000,10.202
08/16/2000,11.217
08/17/2000,10.001
08/18/2000,10.001
08/19/2000,9.802
08/20/2000,9.603
08/21/2000,9.603
08/22/2000,9.603
08/23/2000,9.405
08/24/2000,9.208
08/25/2000,8.817
08/26/2000,8.817
08/27/2000,8.817
08/28/2000,10.403
08/29/2000,10.001
08/30/2000,9.802
08/31/2000,16.582
09/01/2000,30.773
09/02/2000,47.171
09/03/2000,39.996
09/04/2000,22.6
09/05/2000,15.915
09/06/2000,14.816
09/07/2000,14.165
09/08/2000,13.308
09/09/2000,12.462
09/10/2000,12.462
09/11/2000,12.462
09/12/2000,12.883
09/13/2000,21.412
09/14/2000,21.176
09/15/2000,23.08
09/16/2000,25.018
09/17/2000,18.162
09/18/2000,16.582
09/19/2000,15.473
09/20/2000,13.95
09/21/2000,12.462
09/22/2000,11.217
09/23/2000,10.605
09/24/2000,9.603
09/25/2000,8.238
09/26/2000,8.047
09/27/2000,8.047
09/28/2000,8.047
09/29/2000,7.856
09/30/2000,7.667
10/01/2000,8.047
10/02/2000,9.012
10/03/2000,8.43
10/04/2000,8.238
10/05/2000,15.473
10/06/2000,12.672
10/07/2000,11.217
10/08/2000,10.808
10/09/2000,10.202
10/10/2000,9.802
10/11/2000,9.208
10/12/2000,9.012
10/13/2000,8.623
10/14/2000,8.238
10/15/2000,8.047
10/16/2000,8.623
10/17/2000,9.603
10/18/2000,8.238
10/19/2000,7.292
10/20/2000,6.253
10/21/2000,5.977
10/22/2000,5.977
10/23/2000,6.346
10/24/2000,11.629
10/25/2000,28.742
10/26/2000,19.772
10/27/2000,16.136
10/28/2000,11.422
10/29/2000,7.667
10/30/2000,7.667
10/31/2000,7.667
11/01/2000,6.813
11/02/2000,6.253
11/03/2000,5.793
11/04/2000,5.793
11/05/2000,17.481
11/06/2000,25.018
11/07/2000,19.772
11/08/2000,10.808
11/09/2000,6.346
11/10/2000,5.793
11/11/2000,5.977
11/12/2000,7.106
11/13/2000,22.362
11/14/2000,35.187
11/15/2000,31.029
11/16/2000,15.034
11/17/2000,9.012
11/18/2000,16.359
11/19/2000,24.287
11/20/2000,41.902
11/21/2000,30.008
11/22/2000,26.494
11/23/2000,17.255
11/24/2000,20.941
11/25/2000,30.518
11/26/2000,78.163
11/27/2000,66.147
11/28/2000,37.041
11/29/2000,49.713
11/30/2000,72.563
12/01/2000,33.876
12/02/2000,27.738
12/03/2000,19.54
12/04/2000,15.034
12/05/2000,15.253
12/06/2000,13.095
12/07/2000,11.217
12/08/2000,10.605
12/09/2000,7.667
12/10/2000,7.856
12/11/2000,9.405
12/12/2000,10.001
12/13/2000,10.808
12/14/2000,11.836
12/15/2000,12.883
12/16/2000,24.53
12/17/2000,75.041
12/18/2000,59.274
12/19/2000,43.827
12/20/2000,27.738
12/21/2000,18.848
12/22/2000,17.481
12/23/2000,21.649
12/24/2000,31.543
12/25/2000,55.464
12/26/2000,41.356
12/27/2000,26
12/28/2000,49.997
12/29/2000,49.713
12/30/2000,63.139
12/31/2000,45.214
01/01/2001,35.715
01/02/2001,22.362
01/03/2001,18.162
01/04/2001,17.255
01/05/2001,16.582
01/06/2001,15.915
01/07/2001,15.473
01/08/2001,14.598
01/09/2001,32.316
01/10/2001,50.852
01/11/2001,51.137
01/12/2001,50.852
01/13/2001,61.348
01/14/2001,50.282
01/15/2001,30.008
01/16/2001,20.471
01/17/2001,16.806
01/18/2001,15.034
01/19/2001,22.84
01/20/2001,20.706
01/21/2001,16.806
01/22/2001,14.165
01/23/2001,13.735
01/24/2001,16.359
01/25/2001,31.543
01/26/2001,68.881
01/27/2001,33.354
01/28/2001,56.338
01/29/2001,81.946
01/30/2001,53.435
01/31/2001,38.378
02/01/2001,36.51
02/02/2001,31.286
02/03/2001,22.362
02/04/2001,19.54
02/05/2001,27.488
02/06/2001,33.615
02/07/2001,35.979
02/08/2001,31.029
02/09/2001,97.127
02/10/2001,94.504
02/11/2001,67.359
02/12/2001,53.724
02/13/2001,97.456
02/14/2001,84.809
02/15/2001,47.452
02/16/2001,40.539
02/17/2001,36.244
02/18/2001,32.575
02/19/2001,29.754
02/20/2001,26.494
02/21/2001,22.362
02/22/2001,17.03
02/23/2001,29.247
02/24/2001,24.774
02/25/2001,23.08
02/26/2001,20.941
02/27/2001,20.005
02/28/2001,18.619
03/01/2001,17.707
03/02/2001,17.255
03/03/2001,16.806
03/04/2001,16.359
03/05/2001,18.162
03/06/2001,18.848
03/07/2001,18.162
03/08/2001,20.706
03/09/2001,63.139
03/10/2001,55.464
03/11/2001,46.33
03/12/2001,25.508
03/13/2001,40.811
03/14/2001,22.362
03/15/2001,20.471
03/16/2001,17.255
03/17/2001,16.359
03/18/2001,15.473
03/19/2001,14.598
03/20/2001,14.382
03/21/2001,14.165
03/22/2001,17.03
03/23/2001,15.034
03/24/2001,14.165
03/25/2001,13.308
03/26/2001,14.382
03/27/2001,16.806
03/28/2001,17.707
03/29/2001,23.08
03/30/2001,15.253
03/31/2001,13.308
04/01/2001,32.834
04/02/2001,40.268
04/03/2001,33.354
04/04/2001,20.706
04/05/2001,16.359
04/06/2001,16.359
04/07/2001,15.253
04/08/2001,14.598
04/09/2001,14.598
04/10/2001,14.382
04/11/2001,14.165
04/12/2001,13.735
04/13/2001,13.521
04/14/2001,13.095
04/15/2001,12.044
04/16/2001,11.629
04/17/2001,11.217
04/18/2001,10.808
04/19/2001,10.808
04/20/2001,10.808
04/21/2001,11.217
04/22/2001,11.422
04/23/2001,11.629
04/24/2001,10.808
04/25/2001,10.001
04/26/2001,10.001
04/27/2001,9.802
04/28/2001,9.603
04/29/2001,9.208
04/30/2001,9.208
05/01/2001,9.208
05/02/2001,9.208
05/03/2001,9.208
05/04/2001,8.817
05/05/2001,8.817
05/06/2001,8.817
05/07/2001,8.817
05/08/2001,8.623
05/09/2001,8.43
05/10/2001,8.238
05/11/2001,7.856
05/12/2001,8.623
05/13/2001,27.989
05/14/2001,20.471
05/15/2001,19.078
05/16/2001,10.202
05/17/2001,10.001
05/18/2001,10.001
05/19/2001,10.001
05/20/2001,10.001
05/21/2001,10.001
05/22/2001,9.603
05/23/2001,9.603
05/24/2001,9.603
05/25/2001,9.603
05/26/2001,9.603
05/27/2001,12.672
05/28/2001,11.836
05/29/2001,10.202
05/30/2001,9.603
05/31/2001,9.208
06/01/2001,9.208
06/02/2001,9.208
06/03/2001,9.208
06/04/2001,9.012
06/05/2001,8.817
06/06/2001,8.817
06/07/2001,8.623
06/08/2001,8.43
06/09/2001,8.047
06/10/2001,8.047
06/11/2001,7.667
06/12/2001,7.667
06/13/2001,7.667
06/14/2001,7.667
06/15/2001,7.667
06/16/2001,7.667
06/17/2001,7.479
06/18/2001,7.292
06/19/2001,7.292
06/20/2001,7.292
06/21/2001,7.292
06/22/2001,7.292
06/23/2001,7.292
06/24/2001,7.292
06/25/2001,7.292
06/26/2001,7.479
06/27/2001,10.202
06/28/2001,10.001
06/29/2001,9.405
06/30/2001,9.208
07/01/2001,8.817
07/02/2001,8.047
07/03/2001,7.856
07/04/2001,7.667
07/05/2001,7.667
07/06/2001,7.667
07/07/2001,7.667
07/08/2001,7.667
07/09/2001,7.667
07/10/2001,7.479
07/11/2001,7.292
07/12/2001,7.292
07/13/2001,7.292
07/14/2001,7.292
07/15/2001,7.106
07/16/2001,6.907
07/17/2001,6.907
07/18/2001,6.907
07/19/2001,6.907
07/20/2001,6.907
07/21/2001,6.907
07/22/2001,6.907
07/23/2001,6.907
07/24/2001,6.813
07/25/2001,6.719
07/26/2001,6.719
07/27/2001,6.719
07/28/2001,6.719
07/29/2001,6.719
07/30/2001,6.719
07/31/2001,6.532
08/01/2001,6.532
08/02/2001,6.532
08/03/2001,6.532
08/04/2001,6.439
08/05/2001,6.346
08/06/2001,6.346
08/07/2001,6.346
08/08/2001,6.346
08/09/2001,6.346
08/10/2001,6.346
08/11/2001,6.346
08/12/2001,6.346
08/13/2001,6.346
08/14/2001,6.346
08/15/2001,6.346
08/16/2001,6.161
08/17/2001,6.161
08/18/2001,6.161
08/19/2001,6.161
08/20/2001,6.161
08/21/2001,6.161
08/22/2001,6.161
08/23/2001,9.603
08/24/2001,12.462
08/25/2001,12.044
08/26/2001,10.403
08/27/2001,10.001
08/28/2001,9.603
08/29/2001,9.208
08/30/2001,8.817
08/31/2001,8.817
09/01/2001,8.817
09/02/2001,8.43
09/03/2001,8.047
09/04/2001,7.667
09/05/2001,7.667
09/06/2001,7.292
09/07/2001,6.813
09/08/2001,6.532
09/09/2001,6.346
09/10/2001,6.161
09/11/2001,6.161
09/12/2001,6.069
09/13/2001,5.977
09/14/2001,7.856
09/15/2001,27.989
09/16/2001,20.238
09/17/2001,18.619
09/18/2001,16.136
09/19/2001,13.735
09/20/2001,12.044
09/21/2001,10.403
09/22/2001,9.603
09/23/2001,9.208
09/24/2001,8.623
09/25/2001,8.047
09/26/2001,7.479
09/27/2001,6.907
09/28/2001,6.532
09/29/2001,6.532
09/30/2001,6.532
10/01/2001,13.308
10/02/2001,46.05
10/03/2001,34.661
10/04/2001,20.706
10/05/2001,13.95
10/06/2001,8.817
10/07/2001,7.106
10/08/2001,13.521
10/09/2001,9.603
10/10/2001,11.217
10/11/2001,23.32
10/12/2001,17.707
10/13/2001,11.836
10/14/2001,8.817
10/15/2001,8.047
10/16/2001,7.479
10/17/2001,7.292
10/18/2001,7.292
10/19/2001,17.255
10/20/2001,12.883
10/21/2001,9.405
10/22/2001,23.561
10/23/2001,18.162
10/24/2001,13.521
10/25/2001,9.012
10/26/2001,7.667
10/27/2001,7.667
10/28/2001,7.667
10/29/2001,7.667
10/30/2001,7.667
10/31/2001,7.667
11/01/2001,7.667
11/02/2001,7.292
11/03/2001,7.292
11/04/2001,7.292
11/05/2001,6.907
11/06/2001,6.907
11/07/2001,6.907
11/08/2001,6.907
11/09/2001,6.907
11/10/2001,6.719
11/11/2001,6.719
11/12/2001,10.808
11/13/2001,10.403
11/14/2001,10.403
11/15/2001,10.202
11/16/2001,11.217
11/17/2001,11.012
11/18/2001,14.816
11/19/2001,14.165
11/20/2001,13.095
11/21/2001,9.012
11/22/2001,8.817
11/23/2001,8.047
11/24/2001,7.292
11/25/2001,6.813
11/26/2001,6.719
11/27/2001,6.532
11/28/2001,6.532
11/29/2001,12.462
11/30/2001,11.012
12/01/2001,10.403
12/02/2001,10.001
12/03/2001,9.802
12/04/2001,9.603
12/05/2001,9.405
12/06/2001,9.208
12/07/2001,8.817
12/08/2001,8.817
12/09/2001,22.6
12/10/2001,25.018
12/11/2001,19.309
12/12/2001,11.217
12/13/2001,10.202
12/14/2001,9.802
12/15/2001,57.509
12/16/2001,55.464
12/17/2001,80.681
12/18/2001,73.15445223
12/19/2001,62.62081279
12/20/2001,56.32399733
12/21/2001,51.60293593
12/22/2001,49.04803665
12/23/2001,47.81483848
12/24/2001,47.38604108
12/25/2001,47.44184921
12/26/2001,47.77978978
12/27/2001,48.26391605
12/28/2001,48.79067484
12/29/2001,49.26288659
12/30/2001,49.56532054
12/31/2001,49.53574657
01/01/2002,48.92421232
01/02/2002,47.33034471
01/03/2002,44.10297027
01/04/2002,38.47095848
01/05/2002,30.74544778
01/06/2002,24.53
01/07/2002,24.045
01/08/2002,73.8
01/09/2002,186.39
01/10/2002,135.395
01/11/2002,104.421
01/12/2002,70.717
01/13/2002,225.134
01/14/2002,150.424
01/15/2002,64.338
01/16/2002,56.046
01/17/2002,39.996
01/18/2002,29.247
01/19/2002,29.5
01/20/2002,76.598
01/21/2002,71.639
01/22/2002,67.359
01/23/2002,41.629
01/24/2002,37.041
01/25/2002,33.615
01/26/2002,77.85
01/27/2002,64.639
01/28/2002,49.713
01/29/2002,67.967
01/30/2002,56.338
01/31/2002,48.579
02/01/2002,99.435
02/02/2002,96.47
02/03/2002,70.717
02/04/2002,40.268
02/05/2002,29.754
02/06/2002,34.924
02/07/2002,115.914
02/08/2002,102.42
02/09/2002,167.64
02/10/2002,227.112
02/11/2002,273.041
02/12/2002,115.914
02/13/2002,75.041
02/14/2002,49.145
02/15/2002,49.713
02/16/2002,57.215
02/17/2002,58.096
02/18/2002,48.579
02/19/2002,38.378
02/20/2002,34.137
02/21/2002,41.356
02/22/2002,54.592
02/23/2002,73.181
02/24/2002,76.598
02/25/2002,39.186
02/26/2002,32.575
02/27/2002,34.137
02/28/2002,33.876
03/01/2002,33.094
03/02/2002,34.137
03/03/2002,53.724
03/04/2002,39.455
03/05/2002,32.316
03/06/2002,53.435
03/07/2002,42.176
03/08/2002,40.268
03/09/2002,37.041
03/10/2002,31.286
03/11/2002,26.494
03/12/2002,24.045
03/13/2002,23.32
03/14/2002,35.187
03/15/2002,58.684
03/16/2002,30.518
03/17/2002,26.742
03/18/2002,70.104
03/19/2002,37.842
03/20/2002,25.263
03/21/2002,43.827
03/22/2002,26.742
03/23/2002,26.494
03/24/2002,30.773
03/25/2002,62.84
03/26/2002,46.89
03/27/2002,41.356
03/28/2002,66.45
03/29/2002,44.104
03/30/2002,27.738
03/31/2002,26
04/01/2002,24.287
04/02/2002,21.886
04/03/2002,20.471
04/04/2002,19.078
04/05/2002,18.39
04/06/2002,17.707
04/07/2002,32.316
04/08/2002,28.995
04/09/2002,20.471
04/10/2002,18.162
04/11/2002,16.806
04/12/2002,15.915
04/13/2002,14.598
04/14/2002,14.598
04/15/2002,14.382
04/16/2002,15.034
04/17/2002,14.816
04/18/2002,14.598
04/19/2002,14.165
04/20/2002,14.165
04/21/2002,13.735
04/22/2002,13.521
04/23/2002,13.308
04/24/2002,13.095
04/25/2002,12.883
04/26/2002,12.883
04/27/2002,12.883
04/28/2002,12.462
04/29/2002,12.462
04/30/2002,12.462
05/01/2002,12.253
05/02/2002,12.044
05/03/2002,12.462
05/04/2002,14.598
05/05/2002,13.308
05/06/2002,13.095
05/07/2002,12.883
05/08/2002,12.462
05/09/2002,12.253
05/10/2002,12.044
05/11/2002,12.044
05/12/2002,12.044
05/13/2002,11.629
05/14/2002,11.629
05/15/2002,11.422
05/16/2002,11.217
05/17/2002,11.217
05/18/2002,11.012
05/19/2002,11.422
05/20/2002,24.045
05/21/2002,35.451
05/22/2002,59.274
05/23/2002,27.488
05/24/2002,17.934
05/25/2002,15.034
05/26/2002,13.735
05/27/2002,13.095
05/28/2002,12.462
05/29/2002,12.253
05/30/2002,12.044
05/31/2002,12.044
06/01/2002,12.044
06/02/2002,12.044
06/03/2002,11.629
06/04/2002,11.629
06/05/2002,11.629
06/06/2002,11.629
06/07/2002,11.629
06/08/2002,11.217
06/09/2002,11.217
06/10/2002,11.217
06/11/2002,11.012
06/12/2002,10.808
06/13/2002,10.808
06/14/2002,10.808
06/15/2002,10.605
06/16/2002,10.403
06/17/2002,10.001
06/18/2002,10.001
06/19/2002,10.001
06/20/2002,9.802
06/21/2002,9.603
06/22/2002,9.603
06/23/2002,9.603
06/24/2002,9.405
06/25/2002,9.208
06/26/2002,9.208
06/27/2002,9.208
06/28/2002,9.208
06/29/2002,8.817
06/30/2002,8.817
07/01/2002,8.817
07/02/2002,8.817
07/03/2002,8.623
07/04/2002,8.43
07/05/2002,8.43
07/06/2002,8.43
07/07/2002,8.43
07/08/2002,8.047
07/09/2002,8.047
07/10/2002,8.047
07/11/2002,8.047
07/12/2002,8.047
07/13/2002,8.817
07/14/2002,8.43
07/15/2002,8.047
07/16/2002,8.047
07/17/2002,8.047
07/18/2002,10.001
07/19/2002,9.603
07/20/2002,10.403
07/21/2002,9.208
07/22/2002,8.623
07/23/2002,8.238
07/24/2002,8.047
07/25/2002,8.047
07/26/2002,8.047
07/27/2002,8.047
07/28/2002,8.047
07/29/2002,8.047
07/30/2002,8.047
07/31/2002,8.047
08/01/2002,18.162
08/02/2002,58.979
08/03/2002,14.598
08/04/2002,13.521
08/05/2002,13.308
08/06/2002,12.672
08/07/2002,15.694
08/08/2002,12.253
08/09/2002,9.802
08/10/2002,9.603
08/11/2002,9.405
08/12/2002,9.208
08/13/2002,9.012
08/14/2002,8.623
08/15/2002,8.238
08/16/2002,7.667
08/17/2002,7.292
08/18/2002,7.292
08/19/2002,7.106
08/20/2002,6.907
08/21/2002,6.907
08/22/2002,6.907
08/23/2002,6.907
08/24/2002,6.813
08/25/2002,6.719
08/26/2002,6.719
08/27/2002,6.719
08/28/2002,6.719
08/29/2002,7.106
08/30/2002,9.802
08/31/2002,10.808
09/01/2002,10.403
09/02/2002,9.603
09/03/2002,9.405
09/04/2002,9.012
09/05/2002,8.817
09/06/2002,8.817
09/07/2002,8.623
09/08/2002,8.43
09/09/2002,8.43
09/10/2002,8.047
09/11/2002,8.047
09/12/2002,8.047
09/13/2002,8.623
09/14/2002,11.836
09/15/2002,10.202
09/16/2002,9.405
09/17/2002,9.208
09/18/2002,9.603
09/19/2002,9.603
09/20/2002,9.603
09/21/2002,10.605
09/22/2002,10.202
09/23/2002,9.802
09/24/2002,9.405
09/25/2002,9.208
09/26/2002,8.817
09/27/2002,8.623
09/28/2002,8.43
09/29/2002,8.238
09/30/2002,8.047
10/01/2002,7.856
10/02/2002,7.292
10/03/2002,7.106
10/04/2002,6.907
10/05/2002,6.907
10/06/2002,6.813
10/07/2002,6.719
10/08/2002,6.626
10/09/2002,6.532
10/10/2002,6.439
10/11/2002,6.346
10/12/2002,6.253
10/13/2002,6.161
10/14/2002,5.977
10/15/2002,5.249
10/16/2002,5.159
10/17/2002,5.069
10/18/2002,4.714
10/19/2002,4.625
10/20/2002,4.45
10/21/2002,4.275
10/22/2002,4.188
10/23/2002,5.52
10/24/2002,9.405
10/25/2002,11.217
10/26/2002,15.473
10/27/2002,13.521
10/28/2002,13.308
10/29/2002,14.382
10/30/2002,18.162
10/31/2002,18.619
11/01/2002,14.816
11/02/2002,12.883
11/03/2002,9.802
11/04/2002,7.667
11/05/2002,6.719
11/06/2002,6.439
11/07/2002,11.422
11/08/2002,8.238
11/09/2002,5.52
11/10/2002,4.891
11/11/2002,6.069
11/12/2002,6.532
11/13/2002,8.238
11/14/2002,27.488
11/15/2002,16.136
11/16/2002,41.356
11/17/2002,41.629
11/18/2002,31.286
11/19/2002,22.6
11/20/2002,15.473
11/21/2002,11.422
11/22/2002,9.802
11/23/2002,11.422
11/24/2002,14.382
11/25/2002,14.382
11/26/2002,20.706
11/27/2002,30.263
11/28/2002,17.255
11/29/2002,12.044
11/30/2002,14.165
12/01/2002,26.99
12/02/2002,23.561
12/03/2002,27.488
12/04/2002,32.834
12/05/2002,25.263
12/06/2002,13.521
12/07/2002,9.405
12/08/2002,48.862
12/09/2002,44.381
12/10/2002,20.706
12/11/2002,15.915
12/12/2002,13.521
12/13/2002,10.403
12/14/2002,5.977
12/15/2002,54.592
12/16/2002,132.22
12/17/2002,114.89
12/18/2002,81.313
12/19/2002,66.147
12/20/2002,46.33
12/21/2002,28.491
12/22/2002,19.54
12/23/2002,14.165
12/24/2002,15.915
12/25/2002,14.382
12/26/2002,13.95
12/27/2002,12.672
12/28/2002,11.836
12/29/2002,10.808
12/30/2002,10.202
12/31/2002,9.802
01/01/2003,9.603
01/02/2003,10.808
01/03/2003,20.471
01/04/2003,80.681
01/05/2003,73.49
01/06/2003,46.33
01/07/2003,26.247
01/08/2003,18.162
01/09/2003,15.694
01/10/2003,12.672
01/11/2003,10.403
01/12/2003,40.268
01/13/2003,38.378
01/14/2003,30.263
01/15/2003,19.54
01/16/2003,18.848
01/17/2003,52.859
01/18/2003,59.865
01/19/2003,52.571
01/20/2003,49.713
01/21/2003,50.567
01/22/2003,131.165
01/23/2003,123.835
01/24/2003,110.473
01/25/2003,104.087
01/26/2003,96.798
01/27/2003,92.221
01/28/2003,82.263
01/29/2003,112.846
01/30/2003,96.47
01/31/2003,69.492
02/01/2003,43
02/02/2003,29.247
02/03/2003,22.6
02/04/2003,18.619
02/05/2003,39.455
02/06/2003,28.995
02/07/2003,25.263
02/08/2003,24.774
02/09/2003,21.886
02/10/2003,20.941
02/11/2003,19.078
02/12/2003,17.707
02/13/2003,16.136
02/14/2003,44.658
02/15/2003,36.775
02/16/2003,30.263
02/17/2003,49.429
02/18/2003,28.995
02/19/2003,103.753
02/20/2003,47.733
02/21/2003,34.924
02/22/2003,30.773
02/23/2003,28.491
02/24/2003,26
02/25/2003,21.412
02/26/2003,19.078
02/27/2003,18.39
02/28/2003,18.162
03/01/2003,15.694
03/02/2003,15.253
03/03/2003,29.754
03/04/2003,38.11
03/05/2003,20.471
03/06/2003,17.934
03/07/2003,16.806
03/08/2003,31.8
03/09/2003,41.902
03/10/2003,24.774
03/11/2003,22.84
03/12/2003,22.123
03/13/2003,21.176
03/14/2003,20.471
03/15/2003,22.123
03/16/2003,22.362
03/17/2003,19.772
03/18/2003,16.806
03/19/2003,15.694
03/20/2003,15.034
03/21/2003,14.598
03/22/2003,14.598
03/23/2003,14.598
03/24/2003,14.382
03/25/2003,14.165
03/26/2003,14.165
03/27/2003,13.95
03/28/2003,13.521
03/29/2003,13.308
03/30/2003,12.883
03/31/2003,12.672
04/01/2003,12.462
04/02/2003,12.462
04/03/2003,12.044
04/04/2003,12.044
04/05/2003,11.836
04/06/2003,11.629
04/07/2003,11.422
04/08/2003,11.217
04/09/2003,11.217
04/10/2003,10.808
04/11/2003,10.808
04/12/2003,12.253
04/13/2003,12.044
04/14/2003,11.629
04/15/2003,11.629
04/16/2003,11.422
04/17/2003,11.217
04/18/2003,11.217
04/19/2003,11.217
04/20/2003,20.941
04/21/2003,17.707
04/22/2003,15.915
04/23/2003,15.253
04/24/2003,14.598
04/25/2003,14.382
04/26/2003,13.95
04/27/2003,13.735
04/28/2003,13.308
04/29/2003,12.253
04/30/2003,12.044
05/01/2003,11.629
05/02/2003,13.308
05/03/2003,13.308
05/04/2003,13.095
05/05/2003,12.672
05/06/2003,12.253
05/07/2003,11.629
05/08/2003,11.422
05/09/2003,11.217
05/10/2003,10.808
05/11/2003,10.808
05/12/2003,10.605
05/13/2003,10.202
05/14/2003,9.603
05/15/2003,8.817
05/16/2003,8.817
05/17/2003,8.43
05/18/2003,8.43
05/19/2003,8.43
05/20/2003,8.817
05/21/2003,9.405
05/22/2003,9.603
05/23/2003,9.603
05/24/2003,10.001
05/25/2003,9.603
05/26/2003,9.405
05/27/2003,9.208
05/28/2003,9.012
05/29/2003,8.817
05/30/2003,8.623
05/31/2003,8.43
06/01/2003,8.43
06/02/2003,8.43
06/03/2003,8.623
06/04/2003,10.605
06/05/2003,11.629
06/06/2003,11.012
06/07/2003,9.802
06/08/2003,9.208
06/09/2003,8.623
06/10/2003,10.001
06/11/2003,10.001
06/12/2003,9.603
06/13/2003,9.603
06/14/2003,9.603
06/15/2003,9.603
06/16/2003,9.208
06/17/2003,9.208
06/18/2003,8.817
06/19/2003,8.817
06/20/2003,8.623
06/21/2003,8.238
06/22/2003,8.047
06/23/2003,7.856
06/24/2003,7.667
06/25/2003,7.292
06/26/2003,7.292
06/27/2003,6.907
06/28/2003,6.907
06/29/2003,6.813
06/30/2003,6.719
07/01/2003,6.719
07/02/2003,6.626
07/03/2003,6.439
07/04/2003,6.253
07/05/2003,6.069
07/06/2003,5.793
07/07/2003,5.429
07/08/2003,5.249
07/09/2003,4.98
07/10/2003,4.891
07/11/2003,6.069
07/12/2003,7.479
07/13/2003,7.667
07/14/2003,7.292
07/15/2003,7.292
07/16/2003,7.292
07/17/2003,7.292
07/18/2003,7.292
07/19/2003,7.106
07/20/2003,6.907
07/21/2003,6.907
07/22/2003,6.907
07/23/2003,6.907
07/24/2003,6.813
07/25/2003,6.719
07/26/2003,6.719
07/27/2003,6.719
07/28/2003,6.626
07/29/2003,6.532
07/30/2003,6.532
07/31/2003,6.532
08/01/2003,6.532
08/02/2003,6.532
08/03/2003,6.532
08/04/2003,6.532
08/05/2003,6.532
08/06/2003,6.532
08/07/2003,6.532
08/08/2003,6.532
08/09/2003,6.532
08/10/2003,6.532
08/11/2003,6.532
08/12/2003,6.532
08/13/2003,7.106
08/14/2003,6.907
08/15/2003,6.907
08/16/2003,6.719
08/17/2003,6.719
08/18/2003,6.626
08/19/2003,6.532
08/20/2003,6.532
08/21/2003,6.532
08/22/2003,6.532
08/23/2003,6.532
08/24/2003,6.532
08/25/2003,6.532
08/26/2003,6.346
08/27/2003,6.346
08/28/2003,6.346
08/29/2003,6.346
08/30/2003,6.346
08/31/2003,6.346
09/01/2003,6.346
09/02/2003,6.346
09/03/2003,6.253
09/04/2003,6.161
09/05/2003,6.069
09/06/2003,5.977
09/07/2003,5.885
09/08/2003,5.793
09/09/2003,5.702
09/10/2003,5.611
09/11/2003,5.702
09/12/2003,5.793
09/13/2003,5.793
09/14/2003,5.977
09/15/2003,6.346
09/16/2003,8.817
09/17/2003,9.603
09/18/2003,8.817
09/19/2003,8.238
09/20/2003,7.667
09/21/2003,7.106
09/22/2003,6.813
09/23/2003,6.346
09/24/2003,5.702
09/25/2003,5.52
09/26/2003,5.429
09/27/2003,5.339
09/28/2003,5.249
09/29/2003,5.249
09/30/2003,5.249
10/01/2003,5.249
10/02/2003,5.249
10/03/2003,5.249
10/04/2003,5.249
10/05/2003,5.159
10/06/2003,5.069
10/07/2003,5.069
10/08/2003,4.891
10/09/2003,4.891
10/10/2003,18.162
10/11/2003,22.362
10/12/2003,20.706
10/13/2003,17.481
10/14/2003,13.95
10/15/2003,9.405
10/16/2003,7.292
10/17/2003,6.346
10/18/2003,6.161
10/19/2003,6.069
10/20/2003,5.977
10/21/2003,5.977
10/22/2003,5.977
10/23/2003,5.793
10/24/2003,5.793
10/25/2003,5.793
10/26/2003,5.611
10/27/2003,8.047
10/28/2003,8.43
10/29/2003,8.43
10/30/2003,7.479
10/31/2003,6.346
11/01/2003,6.161
11/02/2003,6.907
11/03/2003,7.292
11/04/2003,6.532
11/05/2003,6.161
11/06/2003,5.793
11/07/2003,5.611
11/08/2003,5.429
11/09/2003,5.339
11/10/2003,5.249
11/11/2003,5.249
11/12/2003,5.249
11/13/2003,5.249
11/14/2003,5.249
11/15/2003,5.249
11/16/2003,13.095
11/17/2003,49.713
11/18/2003,86.73
11/19/2003,65.845
11/20/2003,56.923
11/21/2003,48.297
11/22/2003,37.308
11/23/2003,21.176
11/24/2003,17.03
11/25/2003,15.473
11/26/2003,12.672
11/27/2003,10.001
11/28/2003,8.047
11/29/2003,7.667
11/30/2003,9.603
12/01/2003,179.59
12/02/2003,73.49
12/03/2003,74.42
12/04/2003,66.753
12/05/2003,175.088
12/06/2003,70.717
12/07/2003,55.464
12/08/2003,34.399
12/09/2003,32.834
12/10/2003,55.464
12/11/2003,32.058
12/12/2003,26.99
12/13/2003,23.32
12/14/2003,20.238
12/15/2003,18.619
12/16/2003,12.672
12/17/2003,10.605
12/18/2003,8.623
12/19/2003,8.047
12/20/2003,7.856
12/21/2003,7.479
12/22/2003,6.532
12/23/2003,6.346
12/24/2003,12.672
12/25/2003,10.001
12/26/2003,10.605
12/27/2003,23.08
12/28/2003,16.136
12/29/2003,12.044
12/30/2003,12.044
12/31/2003,12.044
01/01/2004,14.165
01/02/2004,11.422
01/03/2004,25.754
01/04/2004,34.661
01/05/2004,19.078
01/06/2004,12.883
01/07/2004,21.412
01/08/2004,24.774
01/09/2004,83.853
01/10/2004,74.73
01/11/2004,59.569
01/12/2004,52.284
01/13/2004,43.827
01/14/2004,36.775
01/15/2004,32.316
01/16/2004,28.995
01/17/2004,22.362
01/18/2004,18.39
01/19/2004,16.806
01/20/2004,13.308
01/21/2004,13.095
01/22/2004,12.883
01/23/2004,12.462
01/24/2004,15.253
01/25/2004,44.104
01/26/2004,170.239
01/27/2004,152.962
01/28/2004,84.809
01/29/2004,74.73
01/30/2004,69.492
01/31/2004,61.646
02/01/2004,49.429
02/02/2004,43.275
02/03/2004,45.214
02/04/2004,39.996
02/05/2004,34.137
02/06/2004,63.738
02/07/2004,54.303
02/08/2004,46.33
02/09/2004,37.575
02/10/2004,32.834
02/11/2004,28.742
02/12/2004,24.774
02/13/2004,20.706
02/14/2004,18.619
02/15/2004,18.162
02/16/2004,17.934
02/17/2004,17.255
02/18/2004,16.359
02/19/2004,15.034
02/20/2004,20.941
02/21/2004,71.946
02/22/2004,87.693
02/23/2004,261.993
02/24/2004,195.925
02/25/2004,156.604
02/26/2004,129.061
02/27/2004,101.423
02/28/2004,84.171
02/29/2004,75.663
03/01/2004,72.872
03/02/2004,70.41
03/03/2004,59.865
03/04/2004,52.284
03/05/2004,47.452
03/06/2004,43
03/07/2004,41.083
03/08/2004,40.811
03/09/2004,40.268
03/10/2004,39.186
03/11/2004,37.575
03/12/2004,36.244
03/13/2004,34.924
03/14/2004,33.615
03/15/2004,31.029
03/16/2004,29.5
03/17/2004,28.995
03/18/2004,27.488
03/19/2004,27.738
03/20/2004,104.087
03/21/2004,57.215
03/22/2004,37.041
03/23/2004,36.244
03/24/2004,35.187
03/25/2004,34.661
03/26/2004,33.354
03/27/2004,32.575
03/28/2004,32.058
03/29/2004,33.094
03/30/2004,32.316
03/31/2004,31.8
04/01/2004,31.8
04/02/2004,31.8
04/03/2004,31.286
04/04/2004,31.029
04/05/2004,30.773
04/06/2004,33.354
04/07/2004,102.42
04/08/2004,75.352
04/09/2004,51.424
04/10/2004,40.539
04/11/2004,34.661
04/12/2004,21.886
04/13/2004,21.649
04/14/2004,21.176
04/15/2004,20.941
04/16/2004,20.471
04/17/2004,27.239
04/18/2004,24.287
04/19/2004,22.6
04/20/2004,22.362
04/21/2004,21.886
04/22/2004,24.53
04/23/2004,22.6
04/24/2004,21.886
04/25/2004,21.886
04/26/2004,51.137
04/27/2004,29.247
04/28/2004,21.886
04/29/2004,20.941
04/30/2004,20.706
05/01/2004,20.471
05/02/2004,19.772
05/03/2004,18.619
05/04/2004,17.255
05/05/2004,18.848
05/06/2004,21.176
05/07/2004,20.238
05/08/2004,19.772
05/09/2004,19.078
05/10/2004,18.619
05/11/2004,18.39
05/12/2004,17.934
05/13/2004,17.481
05/14/2004,17.03
05/15/2004,19.772
05/16/2004,20.238
05/17/2004,20.005
05/18/2004,19.54
05/19/2004,19.309
05/20/2004,18.848
05/21/2004,18.619
05/22/2004,41.629
05/23/2004,25.508
05/24/2004,20.471
05/25/2004,19.772
05/26/2004,30.263
05/27/2004,22.84
05/28/2004,21.176
05/29/2004,20.941
05/30/2004,20.471
05/31/2004,20.471
06/01/2004,20.238
06/02/2004,20.005
06/03/2004,50.567
06/04/2004,33.876
06/05/2004,29.754
06/06/2004,25.263
06/07/2004,22.84
06/08/2004,21.886
06/09/2004,21.176
06/10/2004,20.471
06/11/2004,19.772
06/12/2004,18.848
06/13/2004,17.707
06/14/2004,17.03
06/15/2004,16.582
06/16/2004,16.136
06/17/2004,15.694
06/18/2004,15.253
06/19/2004,14.816
06/20/2004,14.598
06/21/2004,14.165
06/22/2004,13.95
06/23/2004,13.521
06/24/2004,13.095
06/25/2004,12.883
06/26/2004,12.462
06/27/2004,12.044
06/28/2004,11.836
06/29/2004,11.629
06/30/2004,11.217
07/01/2004,11.217
07/02/2004,11.217
07/03/2004,11.217
07/04/2004,11.217
07/05/2004,11.217
07/06/2004,11.012
07/07/2004,10.808
07/08/2004,10.808
07/09/2004,10.808
07/10/2004,10.403
07/11/2004,10.403
07/12/2004,10.403
07/13/2004,10.403
07/14/2004,10.403
07/15/2004,10.403
07/16/2004,19.54
07/17/2004,49.145
07/18/2004,42.725
07/19/2004,28.491
07/20/2004,19.078
07/21/2004,14.598
07/22/2004,13.735
07/23/2004,13.308
07/24/2004,13.308
07/25/2004,13.95
07/26/2004,13.95
07/27/2004,13.308
07/28/2004,12.883
07/29/2004,12.672
07/30/2004,12.253
07/31/2004,11.629
08/01/2004,11.629
08/02/2004,11.217
08/03/2004,11.217
08/04/2004,11.217
08/05/2004,10.808
08/06/2004,10.808
08/07/2004,10.808
08/08/2004,10.808
08/09/2004,10.403
08/10/2004,10.403
08/11/2004,9.603
08/12/2004,9.603
08/13/2004,9.208
08/14/2004,9.208
08/15/2004,8.817
08/16/2004,8.817
08/17/2004,8.623
08/18/2004,8.238
08/19/2004,8.047
08/20/2004,7.856
08/21/2004,7.667
08/22/2004,7.479
08/23/2004,6.532
08/24/2004,6.532
08/25/2004,6.532
08/26/2004,6.532
08/27/2004,6.532
08/28/2004,6.532
08/29/2004,6.346
08/30/2004,6.346
08/31/2004,6.346
09/01/2004,6.346
09/02/2004,6.346
09/03/2004,6.346
09/04/2004,6.346
09/05/2004,6.346
09/06/2004,6.346
09/07/2004,6.346
09/08/2004,6.346
09/09/2004,6.346
09/10/2004,6.346
09/11/2004,6.346
09/12/2004,6.346
09/13/2004,6.346
09/14/2004,6.346
09/15/2004,6.346
09/16/2004,6.346
09/17/2004,6.346
09/18/2004,6.346
09/19/2004,6.346
09/20/2004,6.346
09/21/2004,6.346
09/22/2004,6.346
09/23/2004,6.346
09/24/2004,6.719
09/25/2004,6.346
09/26/2004,6.346
09/27/2004,6.346
09/28/2004,6.346
09/29/2004,6.346
09/30/2004,6.346
10/01/2004,6.346
10/02/2004,6.532
10/03/2004,8.047
10/04/2004,8.238
10/05/2004,6.532
10/06/2004,6.346
10/07/2004,6.346
10/08/2004,6.532
10/09/2004,6.719
10/10/2004,8.623
10/11/2004,15.253
10/12/2004,19.078
10/13/2004,15.915
10/14/2004,13.735
10/15/2004,19.772
10/16/2004,17.255
10/17/2004,16.582
10/18/2004,18.619
10/19/2004,18.162
10/20/2004,17.934
10/21/2004,17.481
10/22/2004,17.255
10/23/2004,16.806
10/24/2004,17.934
10/25/2004,21.176
10/26/2004,18.619
10/27/2004,11.629
10/28/2004,10.001
10/29/2004,9.405
10/30/2004,9.012
10/31/2004,8.817
11/01/2004,8.817
11/02/2004,8.43
11/03/2004,16.136
11/04/2004,11.629
11/05/2004,10.202
11/06/2004,9.603
11/07/2004,9.208
11/08/2004,9.208
11/09/2004,12.253
11/10/2004,13.095
11/11/2004,12.672
11/12/2004,11.629
11/13/2004,11.217
11/14/2004,11.217
11/15/2004,11.217
11/16/2004,11.217
11/17/2004,15.253
11/18/2004,12.672
11/19/2004,11.422
11/20/2004,10.403
11/21/2004,10.001
11/22/2004,9.603
11/23/2004,9.603
11/24/2004,16.582
11/25/2004,12.044
11/26/2004,10.001
11/27/2004,10.001
11/28/2004,9.802
11/29/2004,9.603
11/30/2004,9.603
12/01/2004,9.603
12/02/2004,9.208
12/03/2004,16.582
12/04/2004,11.217
12/05/2004,10.202
12/06/2004,9.802
12/07/2004,15.694
12/08/2004,17.934
12/09/2004,13.735
12/10/2004,11.012
12/11/2004,10.001
12/12/2004,9.802
12/13/2004,9.405
12/14/2004,10.605
12/15/2004,9.012
12/16/2004,7.292
12/17/2004,12.24608818
12/18/2004,16.76938655
12/19/2004,20.23627013
12/20/2004,23.01498773
12/21/2004,25.12112479
12/22/2004,26.78243502
12/23/2004,28.11283733
12/24/2004,29.14084397
12/25/2004,29.81659379
12/26/2004,29.9992524
12/27/2004,29.20508628
12/28/2004,27.38230932
12/29/2004,23.32
12/30/2004,13.735
12/31/2004,12.883
01/01/2005,15.694
01/02/2005,21.649
01/03/2005,34.924
01/04/2005,88.015
01/05/2005,137.875
01/06/2005,86.088
01/07/2005,71.5905677
01/08/2005,65.59591151
01/09/2005,59.9066535
01/10/2005,57.16367454
01/11/2005,54.22593007
01/12/2005,50.07157645
01/13/2005,43.8114102
01/14/2005,34.28018543
01/15/2005,21.176
01/16/2005,17.03
01/17/2005,17.481
01/18/2005,35.451
01/19/2005,135.748
01/20/2005,87.693
01/21/2005,49.145
01/22/2005,59.865
01/23/2005,105.09
01/24/2005,64.338
01/25/2005,107.774
01/26/2005,110.135
01/27/2005,78.477
01/28/2005,108.447
01/29/2005,283.215
01/30/2005,253.215
01/31/2005,223.16
02/01/2005,154.115818
02/02/2005,134.6256788
02/03/2005,112.8347726
02/04/2005,107.2600765
02/05/2005,103.1480876
02/06/2005,99.94086123
02/07/2005,97.29818007
02/08/2005,95.01249708
02/09/2005,92.95710845
02/10/2005,91.05457423
02/11/2005,89.25747643
02/12/2005,87.53669437
02/13/2005,85.87426061
02/14/2005,84.25900784
02/15/2005,82.68391634
02/16/2005,81.14449767
02/17/2005,79.63780977
02/18/2005,78.16185676
02/19/2005,76.71522309
02/20/2005,75.29685065
02/21/2005,73.90590284
02/22/2005,72.54168165
02/23/2005,71.2035771
02/24/2005,69.8910364
02/25/2005,68.60354499
02/26/2005,67.34061505
02/27/2005,66.10177835
02/28/2005,64.88658185
03/01/2005,63.694585
03/02/2005,62.52535797
03/03/2005,61.37848056
03/04/2005,60.25354147
03/05/2005,59.15013779
03/06/2005,58.06787465
03/07/2005,57.00636494
03/08/2005,55.9652291
03/09/2005,54.9440949
03/10/2005,53.94259733
03/11/2005,52.96037843
03/12/2005,51.99708712
03/13/2005,51.05237912
03/14/2005,50.1259168
03/15/2005,49.21736903
03/16/2005,48.3264111
03/17/2005,47.4527246
03/18/2005,46.59599727
03/19/2005,45.75592293
03/20/2005,44.93220134
03/21/2005,44.12453811
03/22/2005,43.33264459
03/23/2005,42.55623776
03/24/2005,41.79504014
03/25/2005,41.04877968
03/26/2005,40.31718969
03/27/2005,39.6000087
03/28/2005,38.89698038
03/29/2005,38.2078535
03/30/2005,37.53238175
03/31/2005,36.87032373
04/01/2005,36.22144283
04/02/2005,35.58550714
04/03/2005,34.9622894
04/04/2005,34.35156685
04/05/2005,33.75312124
04/06/2005,33.16673869
04/07/2005,32.59220963
04/08/2005,32.02932873
04/09/2005,31.47789481
04/10/2005,30.93771082
04/11/2005,30.40858367
04/12/2005,29.89032428
04/13/2005,29.38274742
04/14/2005,28.88567168
04/15/2005,28.39891942
04/16/2005,27.92231668
04/17/2005,27.45569311
04/18/2005,26.99888196
04/19/2005,26.55171997
04/20/2005,26.11404732
04/21/2005,25.68570759
04/22/2005,25.2665477
04/23/2005,24.85641784
04/24/2005,24.45517144
04/25/2005,24.06266509
04/26/2005,23.67875853
04/27/2005,23.30331453
04/28/2005,22.93619893
04/29/2005,22.57728051
04/30/2005,22.22643101
05/01/2005,21.88352504
05/02/2005,21.54844004
05/03/2005,21.22105625
05/04/2005,20.90125667
05/05/2005,20.58892702
05/06/2005,20.28395566
05/07/2005,19.98623359
05/08/2005,19.69565443
05/09/2005,19.41211432
05/10/2005,19.13551191
05/11/2005,18.86574837
05/12/2005,18.60272727
05/13/2005,18.34635462
05/14/2005,18.09653878
05/15/2005,17.85319048
05/16/2005,17.61622275
05/17/2005,17.38555089
05/18/2005,17.16109247
05/19/2005,16.94276725
05/20/2005,16.73049721
05/21/2005,16.52420648
05/22/2005,16.32382131
05/23/2005,16.12927007
05/24/2005,15.94048318
05/25/2005,15.75739311
05/26/2005,15.57993432
05/27/2005,15.40804322
05/28/2005,15.24165809
05/29/2005,15.08071901
05/30/2005,14.9251677
05/31/2005,14.77494733
06/01/2005,14.63000216
06/02/2005,14.49027705
06/03/2005,14.35571655
06/04/2005,14.22626356
06/05/2005,14.101857
06/06/2005,13.98242809
06/07/2005,13.86789426
06/08/2005,13.75814912
06/09/2005,13.65304598
06/10/2005,13.55237095
06/11/2005,13.45579864
06/12/2005,13.36281958
06/13/2005,13.27262101
06/14/2005,13.18389142
06/15/2005,13.09449953
06/16/2005,13.00096766
06/17/2005,12.8976073
06/18/2005,12.77510057
06/19/2005,12.61817201
06/20/2005,12.40176767
06/21/2005,12.08478437
06/22/2005,11.59977816
06/23/2005,10.83607433
06/24/2005,9.612047769
06/25/2005,7.629630295
06/26/2005,7.126991182
06/27/2005,4.801971247
06/28/2005,10.001
06/29/2005,62.84
06/30/2005,34.137
07/01/2005,17.934
07/02/2005,13.735
07/03/2005,10.808
07/04/2005,10.001
07/05/2005,9.603
07/06/2005,9.603
07/07/2005,9.208
07/08/2005,9.208
07/09/2005,9.208
07/10/2005,9.208
07/11/2005,9.208
07/12/2005,9.405
07/13/2005,9.603
07/14/2005,9.208
07/15/2005,9.208
07/16/2005,9.012
07/17/2005,8.817
07/18/2005,8.817
07/19/2005,8.817
07/20/2005,9.208
07/21/2005,8.817
07/22/2005,9.208
07/23/2005,9.405
07/24/2005,8.43
07/25/2005,8.623
07/26/2005,9.208
07/27/2005,9.208
07/28/2005,9.012
07/29/2005,8.817
07/30/2005,8.623
07/31/2005,8.43
08/01/2005,8.238
08/02/2005,8.047
08/03/2005,8.047
08/04/2005,8.047
08/05/2005,8.047
08/06/2005,7.856
08/07/2005,7.667
08/08/2005,7.667
08/09/2005,7.667
08/10/2005,7.667
08/11/2005,7.479
08/12/2005,7.292
08/13/2005,7.292
08/14/2005,7.292
08/15/2005,7.292
08/16/2005,7.292
08/17/2005,7.106
08/18/2005,6.907
08/19/2005,6.907
08/20/2005,6.907
08/21/2005,6.907
08/22/2005,6.907
08/23/2005,6.907
08/24/2005,6.719
08/25/2005,6.719
08/26/2005,6.626
08/27/2005,6.532
08/28/2005,6.532
08/29/2005,6.439
08/30/2005,6.346
08/31/2005,6.346
09/01/2005,6.346
09/02/2005,6.532
09/03/2005,6.719
09/04/2005,6.719
09/05/2005,8.623
09/06/2005,13.735
09/07/2005,11.217
09/08/2005,8.817
09/09/2005,7.479
09/10/2005,7.292
09/11/2005,6.907
09/12/2005,6.719
09/13/2005,6.719
09/14/2005,7.667
09/15/2005,7.479
09/16/2005,7.106
09/17/2005,6.907
09/18/2005,6.907
09/19/2005,6.813
09/20/2005,6.719
09/21/2005,6.719
09/22/2005,6.719
09/23/2005,6.719
09/24/2005,6.719
09/25/2005,6.719
09/26/2005,6.719
09/27/2005,6.719
09/28/2005,6.719
09/29/2005,6.719
09/30/2005,6.719
10/01/2005,6.719
10/02/2005,6.719
10/03/2005,6.719
10/04/2005,6.719
10/05/2005,6.719
10/06/2005,6.719
10/07/2005,6.719
10/08/2005,6.719
10/09/2005,6.532
10/10/2005,6.532
10/11/2005,6.532
10/12/2005,6.532
10/13/2005,6.532
10/14/2005,6.532
10/15/2005,19.309
10/16/2005,20.471
10/17/2005,14.382
10/18/2005,9.603
10/19/2005,8.047
10/20/2005,7.292
10/21/2005,7.292
10/22/2005,7.856
10/23/2005,7.479
10/24/2005,7.292
10/25/2005,6.907
10/26/2005,6.907
10/27/2005,6.719
10/28/2005,6.719
10/29/2005,6.626
10/30/2005,6.532
10/31/2005,6.439
11/01/2005,6.346
11/02/2005,6.346
11/03/2005,6.346
11/04/2005,7.106
11/05/2005,6.907
11/06/2005,6.907
11/07/2005,6.907
11/08/2005,6.719
11/09/2005,6.719
11/10/2005,6.813
11/11/2005,6.907
11/12/2005,6.719
11/13/2005,6.719
11/14/2005,6.626
11/15/2005,6.439
11/16/2005,6.346
11/17/2005,6.346
11/18/2005,11.836
11/19/2005,9.405
11/20/2005,9.603
11/21/2005,9.603
11/22/2005,6.532
11/23/2005,11.836
11/24/2005,22.6
11/25/2005,17.707
11/26/2005,15.034
11/27/2005,12.462
11/28/2005,11.629
11/29/2005,11.422
11/30/2005,11.217
12/01/2005,10.605
12/02/2005,23.32
12/03/2005,56.923
12/04/2005,53.147
12/05/2005,35.451
12/06/2005,28.742
12/07/2005,28.239
12/08/2005,28.239
12/09/2005,24.71343989
12/10/2005,21.66888931
12/11/2005,19.27225384
12/12/2005,17.19137403
12/13/2005,15.24354898
12/14/2005,13.16965992
12/15/2005,10.55714094
12/16/2005,8.047
12/17/2005,7.292
12/18/2005,6.813
12/19/2005,17.707
12/20/2005,13.521
12/21/2005,8.817
12/22/2005,8.047
12/23/2005,7.106
12/24/2005,8.817
12/25/2005,8.238
12/26/2005,7.856
12/27/2005,7.106
12/28/2005,6.813
12/29/2005,6.626
12/30/2005,6.532
12/31/2005,6.532
01/01/2006,10.403
01/02/2006,24.53
01/03/2006,27.738
01/04/2006,85.768
01/05/2006,49.997
01/06/2006,41.902
01/07/2006,36.51
01/08/2006,32.058
01/09/2006,27.989
01/10/2006,22.84
01/11/2006,20.471
01/12/2006,16.582
01/13/2006,10.202
01/14/2006,8.047
01/15/2006,7.856
01/16/2006,7.667
01/17/2006,7.667
01/18/2006,7.292
01/19/2006,7.292
01/20/2006,14.816
01/21/2006,11.422
01/22/2006,9.405
01/23/2006,8.43
01/24/2006,8.047
01/25/2006,8.047
01/26/2006,7.856
01/27/2006,7.667
01/28/2006,7.479
01/29/2006,13.095
01/30/2006,21.412
01/31/2006,15.915
02/01/2006,13.735
02/02/2006,11.422
02/03/2006,9.208
02/04/2006,8.623
02/05/2006,8.047
02/06/2006,7.856
02/07/2006,10.001
02/08/2006,13.735
02/09/2006,50.567
02/10/2006,45.771
02/11/2006,54.013
02/12/2006,71.024
02/13/2006,63.438
02/14/2006,52.284
02/15/2006,43.275
02/16/2006,131.516
02/17/2006,75.975
02/18/2006,69.492
02/19/2006,45.214
02/20/2006,73.8
02/21/2006,155.874
02/22/2006,81.313
02/23/2006,48.862
02/24/2006,33.615
02/25/2006,25.754
02/26/2006,22.362
02/27/2006,21.412
02/28/2006,19.078
03/01/2006,28.742
03/02/2006,24.774
03/03/2006,22.123
03/04/2006,28.742
03/05/2006,90.275
03/06/2006,37.308
03/07/2006,33.094
03/08/2006,56.046
03/09/2006,62.541
03/10/2006,62.242
03/11/2006,62.84
03/12/2006,26.247
03/13/2006,23.32
03/14/2006,23.08
03/15/2006,22.6
03/16/2006,23.803
03/17/2006,21.649
03/18/2006,19.54
03/19/2006,18.39
03/20/2006,17.255
03/21/2006,19.54
03/22/2006,26.494
03/23/2006,30.008
03/24/2006,44.381
03/25/2006,46.89
03/26/2006,28.239
03/27/2006,23.803
03/28/2006,19.54
03/29/2006,19.309
03/30/2006,23.803
03/31/2006,22.123
04/01/2006,19.54
04/02/2006,16.806
04/03/2006,15.034
04/04/2006,14.165
04/05/2006,14.165
04/06/2006,17.481
04/07/2006,61.051
04/08/2006,30.008
04/09/2006,41.356
04/10/2006,71.639
04/11/2006,67.967
04/12/2006,63.139
04/13/2006,59.865
04/14/2006,57.509
04/15/2006,55.464
04/16/2006,55.464
04/17/2006,55.464
04/18/2006,54.882
04/19/2006,54.882
04/20/2006,57.509
04/21/2006,56.338
04/22/2006,54.592
04/23/2006,48.297
04/24/2006,41.083
04/25/2006,37.308
04/26/2006,32.575
04/27/2006,26.99
04/28/2006,23.561
04/29/2006,19.309
04/30/2006,15.473
05/01/2006,10.001
05/02/2006,9.208
05/03/2006,9.012
05/04/2006,8.623
05/05/2006,8.238
05/06/2006,7.856
05/07/2006,7.667
05/08/2006,7.667
05/09/2006,7.667
05/10/2006,7.479
05/11/2006,7.292
05/12/2006,7.292
05/13/2006,7.106
05/14/2006,6.813
05/15/2006,6.719
05/16/2006,6.626
05/17/2006,6.532
05/18/2006,6.532
05/19/2006,6.439
05/20/2006,6.346
05/21/2006,6.346
05/22/2006,6.439
05/23/2006,6.626
05/24/2006,6.907
05/25/2006,6.813
05/26/2006,6.719
05/27/2006,6.719
05/28/2006,6.532
05/29/2006,6.532
05/30/2006,6.439
05/31/2006,6.346
06/01/2006,6.346
06/02/2006,11.629
06/03/2006,11.012
06/04/2006,10.808
06/05/2006,10.808
06/06/2006,10.605
06/07/2006,10.403
06/08/2006,10.403
06/09/2006,10.403
06/10/2006,10.202
06/11/2006,10.001
06/12/2006,10.001
06/13/2006,9.802
06/14/2006,9.603
06/15/2006,9.603
06/16/2006,9.603
06/17/2006,9.603
06/18/2006,9.405
06/19/2006,9.208
06/20/2006,9.208
06/21/2006,9.208
06/22/2006,9.012
06/23/2006,8.817
06/24/2006,8.623
06/25/2006,8.43
06/26/2006,8.238
06/27/2006,8.047
06/28/2006,8.047
06/29/2006,8.047
06/30/2006,8.43
07/01/2006,8.238
07/02/2006,8.047
07/03/2006,7.856
07/04/2006,7.667
07/05/2006,7.667
07/06/2006,7.667
07/07/2006,7.479
07/08/2006,7.292
07/09/2006,7.106
07/10/2006,6.907
07/11/2006,6.907
07/12/2006,6.907
07/13/2006,6.907
07/14/2006,6.907
07/15/2006,6.907
07/16/2006,6.907
07/17/2006,6.907
07/18/2006,6.907
07/19/2006,6.907
07/20/2006,6.907
07/21/2006,6.907
07/22/2006,6.907
07/23/2006,6.719
07/24/2006,6.626
07/25/2006,6.532
07/26/2006,6.439
07/27/2006,6.346
07/28/2006,6.161
07/29/2006,6.719
07/30/2006,8.623
07/31/2006,9.802
08/01/2006,9.802
08/02/2006,9.802
08/03/2006,9.208
08/04/2006,8.238
08/05/2006,7.856
08/06/2006,7.292
08/07/2006,6.907
08/08/2006,6.813
08/09/2006,6.532
08/10/2006,6.532
08/11/2006,6.532
08/12/2006,6.346
08/13/2006,6.346
08/14/2006,6.161
08/15/2006,6.161
08/16/2006,6.161
08/17/2006,6.161
08/18/2006,6.161
08/19/2006,6.161
08/20/2006,6.161
08/21/2006,6.161
08/22/2006,6.161
08/23/2006,6.161
08/24/2006,6.161
08/25/2006,6.161
08/26/2006,6.907
08/27/2006,6.719
08/28/2006,6.532
08/29/2006,6.439
08/30/2006,6.346
08/31/2006,6.253
09/01/2006,6.161
09/02/2006,7.106
09/03/2006,6.626
09/04/2006,6.439
09/05/2006,6.346
09/06/2006,6.161
09/07/2006,6.161
09/08/2006,6.161
09/09/2006,6.161
09/10/2006,6.161
09/11/2006,6.532
09/12/2006,6.346
09/13/2006,6.346
09/14/2006,6.346
09/15/2006,6.346
09/16/2006,6.346
09/17/2006,6.532
09/18/2006,14.598
09/19/2006,12.672
09/20/2006,10.403
09/21/2006,9.603
09/22/2006,7.667
09/23/2006,7.106
09/24/2006,6.907
09/25/2006,6.813
09/26/2006,6.719
09/27/2006,6.719
09/28/2006,6.532
09/29/2006,6.532
09/30/2006,6.532
10/01/2006,10.001
10/02/2006,9.603
10/03/2006,8.623
10/04/2006,8.238
10/05/2006,9.405
10/06/2006,11.217
10/07/2006,14.816
10/08/2006,12.672
10/09/2006,10.808
10/10/2006,9.208
10/11/2006,8.047
10/12/2006,12.883
10/13/2006,21.886
10/14/2006,9.603
10/15/2006,7.667
10/16/2006,7.292
10/17/2006,34.924
10/18/2006,32.19075079
10/19/2006,26.52372771
10/20/2006,22.87779019
10/21/2006,19.58368321
10/22/2006,17.54681352
10/23/2006,16.27854458
10/24/2006,15.48147421
10/25/2006,14.9749441
10/26/2006,14.64979263
10/27/2006,14.44101679
10/28/2006,14.31149514
10/29/2006,14.2426945
10/30/2006,14.23003247
10/31/2006,14.25754743
11/01/2006,14.33137066
11/02/2006,14.382
11/03/2006,13.93573145
11/04/2006,13.38801453
11/05/2006,12.71050202
11/06/2006,11.75511509
11/07/2006,10.46057261
11/08/2006,8.596909849
11/09/2006,6.346
11/10/2006,6.253
11/11/2006,6.161
11/12/2006,6.161
11/13/2006,6.719
11/14/2006,9.603
11/15/2006,7.856
11/16/2006,7.856
11/17/2006,7.479
11/18/2006,6.532
11/19/2006,6.532
11/20/2006,32.834
11/21/2006,41.083
11/22/2006,21.412
11/23/2006,13.308
11/24/2006,7.106
11/25/2006,6.532
11/26/2006,25.754
11/27/2006,38.11
11/28/2006,36.244
11/29/2006,33.354
11/30/2006,28.239
12/01/2006,24.53
12/02/2006,19.772
12/03/2006,15.253
12/04/2006,14.165
12/05/2006,34.661
12/06/2006,45.492
12/07/2006,76.911
12/08/2006,44.104
12/09/2006,12.462
12/10/2006,1.098
12/11/2006,7.938338232
12/12/2006,15.80784125
12/13/2006,22.06660719
12/14/2006,26.8104873
12/15/2006,30.06430322
12/16/2006,32.38776147
12/17/2006,34.10449478
12/18/2006,35.38303809
12/19/2006,36.27895222
12/20/2006,36.74864694
12/21/2006,36.6383661
12/22/2006,35.64557548
12/23/2006,33.24308127
12/24/2006,31.34381082
12/25/2006,26.19945565
12/26/2006,26.742
12/27/2006,74.42
12/28/2006,41.083
12/29/2006,26.99
12/30/2006,31.543
12/31/2006,39.455
01/01/2007,123.142
01/02/2007,79.735
01/03/2007,94.177
01/04/2007,101.091
01/05/2007,124.876
01/06/2007,182.228
01/07/2007,108.784
01/08/2007,77.536
01/09/2007,58.096
01/10/2007,61.944
01/11/2007,58.096
01/12/2007,32.316
01/13/2007,56.046
01/14/2007,52.859
01/15/2007,33.094
01/16/2007,33.876
01/17/2007,30.773
01/18/2007,185.632
01/19/2007,197.844
01/20/2007,99.105
01/21/2007,89.305
01/22/2007,63.438
01/23/2007,47.171
01/24/2007,43.551
01/25/2007,45.771
01/26/2007,70.41
01/27/2007,64.639
01/28/2007,67.967
01/29/2007,49.997
01/30/2007,55.464
01/31/2007,46.89
02/01/2007,33.615
02/02/2007,29.247
02/03/2007,32.058
02/04/2007,27.989
02/05/2007,24.53
02/06/2007,30.518
02/07/2007,70.41
02/08/2007,81.946
02/09/2007,120.722
02/10/2007,94.177
02/11/2007,73.181
02/12/2007,57.215
02/13/2007,38.11
02/14/2007,30.518
02/15/2007,26.494
02/16/2007,24.045
02/17/2007,46.61
02/18/2007,95.813
02/19/2007,89.305
02/20/2007,62.84
02/21/2007,44.936
02/22/2007,35.715
02/23/2007,27.239
02/24/2007,23.803
02/25/2007,21.886
02/26/2007,35.187
02/27/2007,57.215
02/28/2007,46.89
03/01/2007,37.041
03/02/2007,27.239
03/03/2007,22.84
03/04/2007,20.238
03/05/2007,18.619
03/06/2007,18.619
03/07/2007,18.619
03/08/2007,18.619
03/09/2007,30.773
03/10/2007,25.754
03/11/2007,21.412
03/12/2007,18.619
03/13/2007,18.39
03/14/2007,18.848
03/15/2007,24.045
03/16/2007,37.842
03/17/2007,43.551
03/18/2007,43.275
03/19/2007,50.282
03/20/2007,39.996
03/21/2007,36.244
03/22/2007,37.842
03/23/2007,33.615
03/24/2007,26.742
03/25/2007,22.84
03/26/2007,21.176
03/27/2007,20.471
03/28/2007,19.078
03/29/2007,17.481
03/30/2007,16.582
03/31/2007,15.473
04/01/2007,15.473
04/02/2007,15.034
04/03/2007,14.382
04/04/2007,14.165
04/05/2007,35.451
04/06/2007,28.742
04/07/2007,27.239
04/08/2007,34.661
04/09/2007,28.995
04/10/2007,21.412
04/11/2007,15.915
04/12/2007,15.253
04/13/2007,14.598
04/14/2007,13.735
04/15/2007,13.735
04/16/2007,13.521
04/17/2007,13.308
04/18/2007,13.308
04/19/2007,18.619
04/20/2007,17.255
04/21/2007,16.582
04/22/2007,16.136
04/23/2007,15.915
04/24/2007,15.473
04/25/2007,15.473
04/26/2007,15.694
04/27/2007,17.255
04/28/2007,16.806
04/29/2007,15.034
04/30/2007,14.382
05/01/2007,13.735
05/02/2007,12.462
05/03/2007,11.422
05/04/2007,10.202
05/05/2007,9.802
05/06/2007,9.603
05/07/2007,9.603
05/08/2007,9.208
05/09/2007,9.208
05/10/2007,8.623
05/11/2007,8.047
05/12/2007,7.479
05/13/2007,7.292
05/14/2007,7.667
05/15/2007,6.907
05/16/2007,6.907
05/17/2007,6.907
05/18/2007,6.813
05/19/2007,6.719
05/20/2007,12.044
05/21/2007,18.162
05/22/2007,27.488
05/23/2007,33.615
05/24/2007,22.123
05/25/2007,19.309
05/26/2007,17.481
05/27/2007,15.915
05/28/2007,14.165
05/29/2007,13.521
05/30/2007,12.883
05/31/2007,11.629
06/01/2007,11.77277818
06/02/2007,12.01236994
06/03/2007,12.16161975
06/04/2007,12.27774195
06/05/2007,12.3318484
06/06/2007,12.34989895
06/07/2007,12.34770475
06/08/2007,12.33489287
06/09/2007,12.31732151
06/10/2007,12.29855066
06/11/2007,12.28073672
06/12/2007,12.2651751
06/13/2007,12.25262679
06/14/2007,12.24351064
06/15/2007,12.23800955
06/16/2007,12.23611717
06/17/2007,12.23763679
06/18/2007,12.24213221
06/19/2007,12.24881812
06/20/2007,12.25636272
06/21/2007,12.26255307
06/22/2007,12.26373923
06/23/2007,12.2539182
06/24/2007,12.22322785
06/25/2007,12.15547394
06/26/2007,12.02407044
06/27/2007,11.7853765
06/28/2007,11.36776076
06/29/2007,10.73493513
06/30/2007,9.766903153
07/01/2007,8.569
07/02/2007,8.569
07/03/2007,8.569
07/04/2007,8.569
07/05/2007,8.188
07/06/2007,8.188
07/07/2007,8.188
07/08/2007,8.188
07/09/2007,8.188
07/10/2007,8.188
07/11/2007,8.188
07/12/2007,8.188
07/13/2007,8.188
07/14/2007,7.952
07/15/2007,7.952
07/16/2007,7.952
07/17/2007,21.389
07/18/2007,57.404
07/19/2007,30.201
07/20/2007,28.604
07/21/2007,27.025
07/22/2007,26.763
07/23/2007,54.391
07/24/2007,77.064
07/25/2007,105.875
07/26/2007,83.853
07/27/2007,44.104
07/28/2007,23.919
07/29/2007,22.395
07/30/2007,31.544
07/31/2007,16.135
08/01/2007,15.513
08/02/2007,15.102
08/03/2007,14.693
08/04/2007,14.086
08/05/2007,13.684
08/06/2007,12.89
08/07/2007,12.497
08/08/2007,12.108
08/09/2007,11.721
08/10/2007,11.338
08/11/2007,11.338
08/12/2007,10.581
08/13/2007,10.394
08/14/2007,10.394
08/15/2007,10.394
08/16/2007,10.394
08/17/2007,10.581
08/18/2007,10.769
08/19/2007,10.394
08/20/2007,10.394
08/21/2007,10.022
08/22/2007,9.653
08/23/2007,9.288
08/24/2007,8.927
08/25/2007,8.747
08/26/2007,8.747
08/27/2007,8.569
08/28/2007,8.569
08/29/2007,8.569
08/30/2007,8.569
08/31/2007,8.569
09/01/2007,8.569
09/02/2007,8.391
09/03/2007,8.569
09/04/2007,9.653
09/05/2007,9.288
09/06/2007,8.927
09/07/2007,8.927
09/08/2007,8.747
09/09/2007,8.391
09/10/2007,8.07
09/11/2007,7.952
09/12/2007,7.952
09/13/2007,7.952
09/14/2007,7.952
09/15/2007,7.952
09/16/2007,7.952
09/17/2007,7.952
09/18/2007,7.952
09/19/2007,7.718
09/20/2007,7.718
09/21/2007,7.718
09/22/2007,7.718
09/23/2007,7.718
09/24/2007,7.718
09/25/2007,7.718
09/26/2007,7.718
09/27/2007,7.718
09/28/2007,8.07
09/29/2007,7.952
09/30/2007,7.718
10/01/2007,7.718
10/02/2007,7.718
10/03/2007,7.718
10/04/2007,7.718
10/05/2007,7.718
10/06/2007,7.718
10/07/2007,7.718
10/08/2007,7.718
10/09/2007,7.718
10/10/2007,7.718
10/11/2007,7.718
10/12/2007,7.486
10/13/2007,7.486
10/14/2007,7.486
10/15/2007,7.486
10/16/2007,7.952
10/17/2007,7.952
10/18/2007,7.952
10/19/2007,7.952
10/20/2007,8.188
10/21/2007,7.952
10/22/2007,7.952
10/23/2007,7.952
10/24/2007,17.609
10/25/2007,58.011
10/26/2007,28.869
10/27/2007,15.102
10/28/2007,12.89
10/29/2007,11.338
10/30/2007,10.207
10/31/2007,10.207
11/01/2007,9.653
11/02/2007,9.653
11/03/2007,10.581
11/04/2007,30.469
11/05/2007,61.675
11/06/2007,26.242
11/07/2007,19.333
11/08/2007,18.682
11/09/2007,30.737
11/10/2007,19.333
11/11/2007,26.502
11/12/2007,23.919
11/13/2007,20.89
11/14/2007,16.763
11/15/2007,15.513
11/16/2007,15.307
11/17/2007,14.897
11/18/2007,14.49
11/19/2007,13.286
11/20/2007,11.148
11/21/2007,10.581
11/22/2007,10.394
11/23/2007,10.022
11/24/2007,9.837
11/25/2007,9.47
11/26/2007,9.288
11/27/2007,8.927
11/28/2007,8.747
11/29/2007,8.188
11/30/2007,7.952
12/01/2007,7.952
12/02/2007,7.952
12/03/2007,7.952
12/04/2007,7.952
12/05/2007,12.693
12/06/2007,19.333
12/07/2007,21.891
12/08/2007,19.115
12/09/2007,14.49
12/10/2007,13.286
12/11/2007,12.693
12/12/2007,12.302
12/13/2007,16.763
12/14/2007,14.897
12/15/2007,14.287
12/16/2007,14.086
12/17/2007,13.885
12/18/2007,13.485
12/19/2007,13.087
12/20/2007,13.286
12/21/2007,20.89
12/22/2007,16.344
12/23/2007,14.897
12/24/2007,14.49
12/25/2007,13.885
12/26/2007,13.286
12/27/2007,12.497
12/28/2007,12.108
12/29/2007,11.721
12/30/2007,11.529
12/31/2007,11.529
01/01/2008,11.529
01/02/2008,15.307
01/03/2008,12.302
01/04/2008,11.721
01/05/2008,13.885
01/06/2008,17.185
01/07/2008,23.155
01/08/2008,20.89
01/09/2008,18.037
01/10/2008,18.251
01/11/2008,22.395
01/12/2008,18.251
01/13/2008,16.135
01/14/2008,14.086
01/15/2008,12.108
01/16/2008,38.702
01/17/2008,32.355
01/18/2008,30.737
01/19/2008,43.242
01/20/2008,49.342
01/21/2008,40.11
01/22/2008,27.025
01/23/2008,21.891
01/24/2008,21.891
01/25/2008,29.667
01/26/2008,34.264
01/27/2008,28.34
01/28/2008,23.919
01/29/2008,19.333
01/30/2008,21.14
01/31/2008,41.813
02/01/2008,28.869
02/02/2008,19.551
02/03/2008,21.64
02/04/2008,78.992
02/05/2008,66.003
02/06/2008,46.418
02/07/2008,29.934
02/08/2008,17.823
02/09/2008,15.102
02/10/2008,12.89
02/11/2008,11.148
02/12/2008,9.653
02/13/2008,9.653
02/14/2008,9.653
02/15/2008,12.108
02/16/2008,12.302
02/17/2008,12.108
02/18/2008,14.693
02/19/2008,84.832
02/20/2008,37.025
02/21/2008,25.204
02/22/2008,29.4
02/23/2008,24.946
02/24/2008,21.64
02/25/2008,20.393
02/26/2008,31.544
02/27/2008,19.77
02/28/2008,19.77
02/29/2008,19.77
03/01/2008,19.77
03/02/2008,19.77
03/03/2008,19.77
03/04/2008,19.77
03/05/2008,19.77
03/06/2008,19.551
03/07/2008,19.333
03/08/2008,19.333
03/09/2008,19.333
03/10/2008,19.333
03/11/2008,22.395
03/12/2008,36.47
03/13/2008,61.368
03/14/2008,43.242
03/15/2008,30.469
03/16/2008,26.502
03/17/2008,27.549
03/18/2008,53.792
03/19/2008,43.242
03/20/2008,26.502
03/21/2008,20.393
03/22/2008,21.64
03/23/2008,19.551
03/24/2008,19.115
03/25/2008,17.609
03/26/2008,16.763
03/27/2008,16.135
03/28/2008,15.102
03/29/2008,13.885
03/30/2008,13.087
03/31/2008,12.89
04/01/2008,12.693
04/02/2008,12.497
04/03/2008,12.302
04/04/2008,14.086
04/05/2008,25.463
04/06/2008,25.722
04/07/2008,32.084
04/08/2008,31.814
04/09/2008,51.113
04/10/2008,42.669
04/11/2008,52.003
04/12/2008,27.287
04/13/2008,22.395
04/14/2008,22.143
04/15/2008,28.869
04/16/2008,24.689
04/17/2008,21.891
04/18/2008,20.146
04/19/2008,19.115
04/20/2008,18.251
04/21/2008,17.609
04/22/2008,17.185
04/23/2008,16.344
04/24/2008,15.72
04/25/2008,15.307
04/26/2008,14.693
04/27/2008,14.693
04/28/2008,14.287
04/29/2008,13.885
04/30/2008,13.885
05/01/2008,32.898
05/02/2008,31.544
05/03/2008,22.395
05/04/2008,20.89
05/05/2008,20.641
05/06/2008,20.146
05/07/2008,19.333
05/08/2008,18.466
05/09/2008,17.609
05/10/2008,16.763
05/11/2008,15.927
05/12/2008,16.974
05/13/2008,13.885
05/14/2008,13.885
05/15/2008,13.885
05/16/2008,13.684
05/17/2008,13.485
05/18/2008,13.485
05/19/2008,13.485
05/20/2008,13.485
05/21/2008,13.286
05/22/2008,12.89
05/23/2008,12.693
05/24/2008,12.497
05/25/2008,12.108
05/26/2008,11.914
05/27/2008,11.721
05/28/2008,11.529
05/29/2008,19.115
05/30/2008,27.287
05/31/2008,19.115
06/01/2008,17.609
06/02/2008,16.553
06/03/2008,15.513
06/04/2008,16.974
06/05/2008,33.716
06/06/2008,17.823
06/07/2008,17.185
06/08/2008,16.974
06/09/2008,16.553
06/10/2008,16.135
06/11/2008,15.927
06/12/2008,15.72
06/13/2008,15.307
06/14/2008,14.897
06/15/2008,14.693
06/16/2008,14.086
06/17/2008,13.885
06/18/2008,13.485
06/19/2008,13.087
06/20/2008,12.693
06/21/2008,12.108
06/22/2008,11.914
06/23/2008,11.529
06/24/2008,11.529
06/25/2008,11.338
06/26/2008,11.148
06/27/2008,11.148
06/28/2008,10.958
06/29/2008,10.769
06/30/2008,10.769
07/01/2008,10.769
07/02/2008,10.769
07/03/2008,10.769
07/04/2008,10.769
07/05/2008,10.769
07/06/2008,10.581
07/07/2008,10.581
07/08/2008,10.394
07/09/2008,10.394
07/10/2008,10.394
07/11/2008,10.207
07/12/2008,10.022
07/13/2008,10.022
07/14/2008,9.837
07/15/2008,9.837
07/16/2008,9.653
07/17/2008,9.653
07/18/2008,9.288
07/19/2008,9.288
07/20/2008,9.288
07/21/2008,9.107
07/22/2008,9.107
07/23/2008,8.927
07/24/2008,8.927
07/25/2008,8.569
07/26/2008,8.391
07/27/2008,8.188
07/28/2008,8.188
07/29/2008,8.188
07/30/2008,8.07
07/31/2008,7.952
08/01/2008,7.952
08/02/2008,7.952
08/03/2008,10.394
08/04/2008,10.394
08/05/2008,9.653
08/06/2008,9.837
08/07/2008,19.333
08/08/2008,37.862
08/09/2008,28.076
08/10/2008,19.115
08/11/2008,15.927
08/12/2008,12.497
08/13/2008,10.958
08/14/2008,10.394
08/15/2008,9.653
08/16/2008,9.653
08/17/2008,9.653
08/18/2008,9.288
08/19/2008,8.747
08/20/2008,8.927
08/21/2008,8.927
08/22/2008,8.569
08/23/2008,8.569
08/24/2008,8.188
08/25/2008,8.07
08/26/2008,8.188
08/27/2008,7.952
08/28/2008,7.952
08/29/2008,7.952
08/30/2008,7.952
08/31/2008,7.952
09/01/2008,7.952
09/02/2008,7.952
09/03/2008,7.952
09/04/2008,7.952
09/05/2008,7.952
09/06/2008,7.952
09/07/2008,8.569
09/08/2008,8.569
09/09/2008,8.188
09/10/2008,7.952
09/11/2008,7.952
09/12/2008,7.952
09/13/2008,8.927
09/14/2008,9.107
09/15/2008,8.927
09/16/2008,8.927
09/17/2008,8.747
09/18/2008,8.569
09/19/2008,8.391
09/20/2008,8.188
09/21/2008,10.394
09/22/2008,9.107
09/23/2008,8.747
09/24/2008,8.569
09/25/2008,8.391
09/26/2008,8.747
09/27/2008,8.569
09/28/2008,8.188
09/29/2008,7.952
09/30/2008,8.07
10/01/2008,8.391
10/02/2008,8.747
10/03/2008,15.307
10/04/2008,8.569
10/05/2008,8.569
10/06/2008,8.569
10/07/2008,8.569
10/08/2008,10.207
10/09/2008,9.653
10/10/2008,8.927
10/11/2008,8.747
10/12/2008,8.391
10/13/2008,14.693
10/14/2008,11.148
10/15/2008,10.581
10/16/2008,9.837
10/17/2008,9.653
10/18/2008,9.47
10/19/2008,9.288
10/20/2008,9.107
10/21/2008,8.927
10/22/2008,8.569
10/23/2008,8.391
10/24/2008,8.391
10/25/2008,8.569
10/26/2008,8.391
10/27/2008,8.188
10/28/2008,8.188
10/29/2008,8.188
10/30/2008,42.669
10/31/2008,24.175
11/01/2008,15.102
11/02/2008,14.287
11/03/2008,13.684
11/04/2008,13.286
11/05/2008,12.497
11/06/2008,11.721
11/07/2008,11.148
11/08/2008,15.513
11/09/2008,15.42904412
11/10/2008,14.85679912
11/11/2008,14.53437493
11/12/2008,14.21261128
11/13/2008,14.04406293
11/14/2008,13.97052495
11/15/2008,13.95636866
11/16/2008,13.97961069
11/17/2008,14.0263997
11/18/2008,14.08753965
11/19/2008,14.15617874
11/20/2008,14.22608518
11/21/2008,14.29007777
11/22/2008,14.3382182
11/23/2008,14.35531233
11/24/2008,14.31709435
11/25/2008,14.18413813
11/26/2008,13.89197051
11/27/2008,13.33490997
11/28/2008,12.33958234
11/29/2008,11.19838545
11/30/2008,9.152414592
12/01/2008,7.952
12/02/2008,16.344
12/03/2008,11.529
12/04/2008,10.394
12/05/2008,8.569
12/06/2008,7.718
12/07/2008,8.188
12/08/2008,8.188
12/09/2008,7.952
12/10/2008,7.952
12/11/2008,9.288
12/12/2008,41.244
12/13/2008,32.898
12/14/2008,23.919
12/15/2008,20.89
12/16/2008,18.898
12/17/2008,19.333
12/18/2008,9.288
12/19/2008,9.288
12/20/2008,8.927
12/21/2008,10.022
12/22/2008,24.946
12/23/2008,36.193
12/24/2008,35.639
12/25/2008,48.168
12/26/2008,132.02
12/27/2008,87.454
12/28/2008,71.334
12/29/2008,66.315
12/30/2008,58.923
12/31/2008,61.982
01/01/2009,84.18
01/02/2009,74.507
01/03/2009,114.465
01/04/2009,97.417
01/05/2009,77.705
01/06/2009,47.583
01/07/2009,32.898
01/08/2009,18.037
01/09/2009,15.102
01/10/2009,10.394
01/11/2009,8.188
01/12/2009,8.188
01/13/2009,9.653
01/14/2009,11.529
01/15/2009,55.292
01/16/2009,19.333
01/17/2009,25.463
01/18/2009,30.201
01/19/2009,24.946
01/20/2009,20.89
01/21/2009,17.185
01/22/2009,15.513
01/23/2009,13.885
01/24/2009,13.087
01/25/2009,12.302
01/26/2009,37.304
01/27/2009,60.143
01/28/2009,77.064
01/29/2009,94.073
01/30/2009,77.064
01/31/2009,66.315
02/01/2009,44.68
02/02/2009,32.898
02/03/2009,45.258
02/04/2009,71.334
02/05/2009,68.189
02/06/2009,65.071
02/07/2009,63.214
02/08/2009,80.93
02/09/2009,107.582
02/10/2009,78.992
02/11/2009,46.418
02/12/2009,80.93
02/13/2009,66.315
02/14/2009,90.752
02/15/2009,66.315
02/16/2009,48.168
02/17/2009,87.454
02/18/2009,41.244
02/19/2009,30.201
02/20/2009,25.981
02/21/2009,24.432
02/22/2009,22.395
02/23/2009,19.77
02/24/2009,18.898
02/25/2009,52.896
02/26/2009,90.752
02/27/2009,53.493
02/28/2009,20.89
03/01/2009,19.77
03/02/2009,18.466
03/03/2009,17.609
03/04/2009,16.344
03/05/2009,15.102
03/06/2009,13.885
03/07/2009,12.302
03/08/2009,11.914
03/09/2009,65.071
03/10/2009,87.454
03/11/2009,102.137
03/12/2009,133.445
03/13/2009,164.767
03/14/2009,138.456
03/15/2009,126.35
03/16/2009,77.705
03/17/2009,60.143
03/18/2009,33.443
03/19/2009,35.639
03/20/2009,34.538
03/21/2009,32.898
03/22/2009,32.355
03/23/2009,52.896
03/24/2009,38.422
03/25/2009,31.274
03/26/2009,22.395
03/27/2009,25.981
03/28/2009,23.919
03/29/2009,22.395
03/30/2009,20.393
03/31/2009,19.333
04/01/2009,18.466
04/02/2009,18.466
04/03/2009,18.037
04/04/2009,17.609
04/05/2009,17.609
04/06/2009,20.393
04/07/2009,19.77
04/08/2009,19.333
04/09/2009,18.466
04/10/2009,18.037
04/11/2009,17.609
04/12/2009,17.185
04/13/2009,17.185
04/14/2009,25.981
04/15/2009,24.946
04/16/2009,23.919
04/17/2009,23.919
04/18/2009,23.409
04/19/2009,22.395
04/20/2009,20.89
04/21/2009,19.77
04/22/2009,19.333
04/23/2009,17.185
04/24/2009,13.485
04/25/2009,13.485
04/26/2009,14.693
04/27/2009,13.885
04/28/2009,13.885
04/29/2009,13.485
04/30/2009,13.087
05/01/2009,13.087
05/02/2009,13.087
05/03/2009,13.087
05/04/2009,13.485
05/05/2009,13.485
05/06/2009,13.485
05/07/2009,13.485
05/08/2009,13.087
05/09/2009,13.087
05/10/2009,13.087
05/11/2009,13.087
05/12/2009,13.087
05/13/2009,13.087
05/14/2009,13.087
05/15/2009,27.549
05/16/2009,19.77
05/17/2009,13.885
05/18/2009,13.485
05/19/2009,13.485
05/20/2009,13.087
05/21/2009,12.693
05/22/2009,12.302
05/23/2009,11.914
05/24/2009,11.529
05/25/2009,11.529
05/26/2009,11.529
05/27/2009,11.148
05/28/2009,11.148
05/29/2009,11.148
05/30/2009,11.148
05/31/2009,11.148
06/01/2009,11.148
06/02/2009,11.148
06/03/2009,10.769
06/04/2009,10.769
06/05/2009,10.769
06/06/2009,10.769
06/07/2009,10.769
06/08/2009,10.769
06/09/2009,10.769
06/10/2009,13.485
06/11/2009,13.087
06/12/2009,13.087
06/13/2009,12.693
06/14/2009,11.914
06/15/2009,11.529
06/16/2009,11.529
06/17/2009,11.529
06/18/2009,11.529
06/19/2009,11.529
06/20/2009,11.529
06/21/2009,11.529
06/22/2009,11.529
06/23/2009,11.529
06/24/2009,11.529
06/25/2009,11.529
06/26/2009,14.693
06/27/2009,13.485
06/28/2009,13.087
06/29/2009,12.693
06/30/2009,12.302
07/01/2009,11.529
07/02/2009,11.529
07/03/2009,11.148
07/04/2009,11.148
07/05/2009,11.148
07/06/2009,12.302
07/07/2009,11.914
07/08/2009,11.529
07/09/2009,12.693
07/10/2009,12.302
07/11/2009,12.302
07/12/2009,12.302
07/13/2009,12.302
07/14/2009,12.302
07/15/2009,12.302
07/16/2009,11.914
07/17/2009,11.914
07/18/2009,11.529
07/19/2009,11.529
07/20/2009,11.148
07/21/2009,11.148
07/22/2009,11.148
07/23/2009,11.148
07/24/2009,11.148
07/25/2009,11.148
07/26/2009,11.148
07/27/2009,13.485
07/28/2009,13.087
07/29/2009,13.087
07/30/2009,12.693
07/31/2009,12.302
08/01/2009,11.914
08/02/2009,10.769
08/03/2009,9.653
08/04/2009,8.569
08/05/2009,8.569
08/06/2009,8.569
08/07/2009,8.569
08/08/2009,8.569
08/09/2009,8.188
08/10/2009,8.188
08/11/2009,8.188
08/12/2009,8.188
08/13/2009,7.952
08/14/2009,7.952
08/15/2009,7.952
08/16/2009,7.952
08/17/2009,7.952
08/18/2009,8.569
08/19/2009,30.201
08/20/2009,27.549
08/21/2009,25.463
08/22/2009,21.891
08/23/2009,20.393
08/24/2009,19.333
08/25/2009,18.898
08/26/2009,17.609
08/27/2009,15.513
08/28/2009,12.302
08/29/2009,10.769
08/30/2009,9.288
08/31/2009,8.927
09/01/2009,8.569
09/02/2009,8.569
09/03/2009,8.569
09/04/2009,10.769
09/05/2009,11.529
09/06/2009,12.302
09/07/2009,13.087
09/08/2009,11.914
09/09/2009,32.355
09/10/2009,60.143
09/11/2009,35.088
09/12/2009,25.981
09/13/2009,20.393
09/14/2009,15.102
09/15/2009,12.302
09/16/2009,11.148
09/17/2009,10.394
09/18/2009,9.653
09/19/2009,9.288
09/20/2009,9.288
09/21/2009,9.288
09/22/2009,13.885
09/23/2009,13.087
09/24/2009,13.087
09/25/2009,12.693
09/26/2009,12.693
09/27/2009,11.914
09/28/2009,11.148
09/29/2009,13.087
09/30/2009,10.769
10/01/2009,10.769
10/02/2009,10.769
10/03/2009,10.394
10/04/2009,10.394
10/05/2009,10.022
10/06/2009,9.653
10/07/2009,9.288
10/08/2009,9.288
10/09/2009,8.927
10/10/2009,8.569
10/11/2009,8.569
10/12/2009,8.188
10/13/2009,8.927
10/14/2009,10.769
10/15/2009,8.927
10/16/2009,13.087
10/17/2009,23.409
10/18/2009,21.891
10/19/2009,20.393
10/20/2009,16.344
10/21/2009,15.102
10/22/2009,13.485
10/23/2009,12.302
10/24/2009,11.529
10/25/2009,10.769
10/26/2009,10.022
10/27/2009,9.288
10/28/2009,7.952
10/29/2009,15.513
10/30/2009,17.609
10/31/2009,16.344
11/01/2009,23.919
11/02/2009,30.201
11/03/2009,22.395
11/04/2009,15.513
11/05/2009,12.302
11/06/2009,8.569
11/07/2009,13.485
11/08/2009,14.693
11/09/2009,15.513
11/10/2009,13.485
11/11/2009,20.89
11/12/2009,22.395
11/13/2009,19.77
11/14/2009,16.344
11/15/2009,70.703
11/16/2009,18.037
11/17/2009,11.914
11/18/2009,10.769
11/19/2009,9.288
11/20/2009,7.952
11/21/2009,17.609
11/22/2009,20.89
11/23/2009,23.919
11/24/2009,27.549
11/25/2009,24.946
11/26/2009,21.389
11/27/2009,18.466
11/28/2009,20.89
11/29/2009,37.304
11/30/2009,30.201
12/01/2009,32.898
12/02/2009,30.201
12/03/2009,54.091
12/04/2009,117.937
12/05/2009,61.368
12/06/2009,58.923
12/07/2009,65.692
12/08/2009,74.507
12/09/2009,63.832
12/10/2009,55.292
12/11/2009,51.706
12/12/2009,47.583
12/13/2009,44.104
12/14/2009,40.11
12/15/2009,66.315
12/16/2009,89.43
12/17/2009,94.073
12/18/2009,168.49
12/19/2009,159.582
12/20/2009,140.614
12/21/2009,123.533
12/22/2009,103.493
12/23/2009,78.348
12/24/2009,80.283
12/25/2009,77.705
12/26/2009,80.93
12/27/2009,77.064
12/28/2009,81.578
12/29/2009,82.877
12/30/2009,78.992
12/31/2009,74.507
01/01/2010,70.703
01/02/2010,54.691
01/03/2010,45.837
01/04/2010,37.304
01/05/2010,33.99
01/06/2010,27.549
01/07/2010,49.931
01/08/2010,175.983
01/09/2010,94.073
01/10/2010,52.896
01/11/2010,37.862
01/12/2010,38.422
01/13/2010,36.193
01/14/2010,31.274
01/15/2010,27.549
01/16/2010,73.87
01/17/2010,69.443
01/18/2010,69.443
01/19/2010,89.43
01/20/2010,169.236
01/21/2010,325.134
01/22/2010,146.401
01/23/2010,107.582
01/24/2010,111.013
01/25/2010,102.814
01/26/2010,97.417
01/27/2010,94.073
01/28/2010,90.752
01/29/2010,150.04
01/30/2010,133.445
01/31/2010,129.179
02/01/2010,117.937
02/02/2010,111.702
02/03/2010,108.267
02/04/2010,102.137
02/05/2010,94.073
02/06/2010,86.141
02/07/2010,87.40567868
02/08/2010,89.30661765
02/09/2010,90.68490856
02/10/2010,91.77459153
02/11/2010,92.43438865
02/12/2010,92.86510133
02/13/2010,93.2017895
02/14/2010,93.54761312
02/15/2010,93.8477292
02/16/2010,94.09179832
02/17/2010,94.073
02/18/2010,90.752
02/19/2010,87.454
02/20/2010,91.63260577
02/21/2010,97.1251341
02/22/2010,102.6656695
02/23/2010,108.8616645
02/24/2010,114.465
02/25/2010,96.077
02/26/2010,87.454
02/27/2010,138.3966538
02/28/2010,204.3064207
03/01/2010,258.154
03/02/2010,141.335
03/03/2010,87.454
03/04/2010,80.78839871
03/05/2010,77.32522776
03/06/2010,77.7099095
03/07/2010,78.24136996
03/08/2010,77.90245441
03/09/2010,77.05372935
03/10/2010,75.92090022
03/11/2010,74.65150613
03/12/2010,73.35203181
03/13/2010,72.11473312
03/14/2010,71.04089602
03/15/2010,70.23499518
03/16/2010,69.52503149
03/17/2010,69.443
03/18/2010,68.189
03/19/2010,61.368
03/20/2010,65.692
03/21/2010,63.832
03/22/2010,58.314
03/23/2010,49.931
03/24/2010,48.93806017
03/25/2010,48.53714874
03/26/2010,47.61066213
03/27/2010,46.27052509
03/28/2010,44.104
03/29/2010,41.244
03/30/2010,36.193
03/31/2010,30.737
04/01/2010,27.549
04/02/2010,23.919
04/03/2010,68.189
04/04/2010,63.214
04/05/2010,58.314
04/06/2010,52.896
04/07/2010,37.304
04/08/2010,30.201
04/09/2010,27.549
04/10/2010,26.502
04/11/2010,25.463
04/12/2010,23.919
04/13/2010,22.395
04/14/2010,20.89
04/15/2010,19.77
04/16/2010,18.466
04/17/2010,17.609
04/18/2010,17.185
04/19/2010,16.763
04/20/2010,16.344
04/21/2010,15.927
04/22/2010,15.513
04/23/2010,17.185
04/24/2010,34.538
04/25/2010,27.549
04/26/2010,25.463
04/27/2010,22.901
04/28/2010,19.77
04/29/2010,18.466
04/30/2010,17.185
05/01/2010,16.763
05/02/2010,16.763
05/03/2010,16.344
05/04/2010,16.344
05/05/2010,16.344
05/06/2010,15.513
05/07/2010,15.513
05/08/2010,15.927
05/09/2010,15.927
05/10/2010,15.513
05/11/2010,15.102
05/12/2010,14.693
05/13/2010,14.693
05/14/2010,14.287
05/15/2010,14.287
05/16/2010,14.693
05/17/2010,15.102
05/18/2010,15.102
05/19/2010,15.102
05/20/2010,14.693
05/21/2010,14.693
05/22/2010,13.885
05/23/2010,13.885
05/24/2010,13.485
05/25/2010,13.087
05/26/2010,13.087
05/27/2010,12.693
05/28/2010,12.693
05/29/2010,12.693
05/30/2010,12.302
05/31/2010,12.302
06/01/2010,12.302
06/02/2010,12.302
06/03/2010,11.529
06/04/2010,11.148
06/05/2010,10.769
06/06/2010,11.148
06/07/2010,11.148
06/08/2010,11.148
06/09/2010,11.148
06/10/2010,11.148
06/11/2010,11.148
06/12/2010,11.148
06/13/2010,11.148
06/14/2010,11.148
06/15/2010,11.148
06/16/2010,11.148
06/17/2010,10.769
06/18/2010,10.769
06/19/2010,10.769
06/20/2010,10.769
06/21/2010,10.769
06/22/2010,10.769
06/23/2010,10.769
06/24/2010,10.394
06/25/2010,10.394
06/26/2010,10.394
06/27/2010,10.394
06/28/2010,10.394
06/29/2010,10.394
06/30/2010,10.022
07/01/2010,10.022
07/02/2010,9.653
07/03/2010,9.653
07/04/2010,9.653
07/05/2010,9.653
07/06/2010,9.653
07/07/2010,9.653
07/08/2010,9.653
07/09/2010,9.288
07/10/2010,9.288
07/11/2010,9.288
07/12/2010,9.288
07/13/2010,16.344
07/14/2010,19.77
07/15/2010,17.609
07/16/2010,15.513
07/17/2010,14.287
07/18/2010,13.485
07/19/2010,12.302
07/20/2010,10.769
07/21/2010,9.653
07/22/2010,8.569
07/23/2010,8.569
07/24/2010,11.529
07/25/2010,11.148
07/26/2010,10.769
07/27/2010,10.769
07/28/2010,10.022
07/29/2010,9.653
07/30/2010,9.288
07/31/2010,9.288
08/01/2010,8.927
08/02/2010,8.927
08/03/2010,8.569
08/04/2010,8.569
08/05/2010,8.188
08/06/2010,8.188
08/07/2010,8.188
08/08/2010,8.188
08/09/2010,8.188
08/10/2010,7.952
08/11/2010,7.952
08/12/2010,7.952
08/13/2010,7.952
08/14/2010,7.952
08/15/2010,7.952
08/16/2010,7.952
08/17/2010,7.952
08/18/2010,7.952
08/19/2010,7.952
08/20/2010,7.952
08/21/2010,7.952
08/22/2010,7.952
08/23/2010,7.952
08/24/2010,7.952
08/25/2010,7.952
08/26/2010,7.952
08/27/2010,7.952
08/28/2010,7.952
08/29/2010,7.952
08/30/2010,7.952
08/31/2010,7.952
09/01/2010,7.952
09/02/2010,7.952
09/03/2010,7.952
09/04/2010,7.952
09/05/2010,7.952
09/06/2010,7.718
09/07/2010,7.718
09/08/2010,7.718
09/09/2010,7.718
09/10/2010,7.486
09/11/2010,7.486
09/12/2010,7.486
09/13/2010,8.569
09/14/2010,9.653
09/15/2010,9.288
09/16/2010,8.569
09/17/2010,7.952
09/18/2010,7.952
09/19/2010,7.952
09/20/2010,7.952
09/21/2010,7.952
09/22/2010,8.569
09/23/2010,8.569
09/24/2010,7.952
09/25/2010,7.952
09/26/2010,7.952
09/27/2010,15.513
09/28/2010,14.693
09/29/2010,13.485
09/30/2010,11.148
10/01/2010,11.529
10/02/2010,13.485
10/03/2010,17.609
10/04/2010,11.148
10/05/2010,10.394
10/06/2010,9.653
10/07/2010,9.288
10/08/2010,8.569
10/09/2010,7.952
10/10/2010,7.952
10/11/2010,7.952
10/12/2010,8.569
10/13/2010,8.188
10/14/2010,7.952
10/15/2010,8.188
10/16/2010,9.288
10/17/2010,8.927
10/18/2010,8.927
10/19/2010,8.569
10/20/2010,8.569
10/21/2010,8.188
10/22/2010,8.188
10/23/2010,7.952
10/24/2010,7.952
10/25/2010,7.952
10/26/2010,7.952
10/27/2010,7.952
10/28/2010,7.952
10/29/2010,7.952
10/30/2010,7.952
10/31/2010,12.302
11/01/2010,10.022
11/02/2010,9.653
11/03/2010,8.927
11/04/2010,8.569
11/05/2010,7.952
11/06/2010,7.952
11/07/2010,7.952
11/08/2010,7.952
11/09/2010,10.394
11/10/2010,14.693
11/11/2010,11.529
11/12/2010,12.693
11/13/2010,11.148
11/14/2010,9.653
11/15/2010,9.653
11/16/2010,14.287
11/17/2010,13.485
11/18/2010,9.288
11/19/2010,8.569
11/20/2010,8.188
11/21/2010,8.188
11/22/2010,7.952
11/23/2010,7.952
11/24/2010,15.927
11/25/2010,14.287
11/26/2010,12.693
11/27/2010,11.148
11/28/2010,9.653
11/29/2010,8.569
11/30/2010,8.569
12/01/2010,8.188
12/02/2010,7.952
12/03/2010,11.914
12/04/2010,11.148
12/05/2010,9.653
12/06/2010,9.288
12/07/2010,8.927
12/08/2010,8.927
12/09/2010,49.931
12/10/2010,30.201
12/11/2010,24.946
12/12/2010,32.898
12/13/2010,75.783
12/14/2010,53.493
12/15/2010,46.418
12/16/2010,52.896
12/17/2010,65.071
12/18/2010,24.946
12/19/2010,24.432
12/20/2010,23.409
12/21/2010,22.395
12/22/2010,30.201
12/23/2010,57.102
12/24/2010,48.755
12/25/2010,54.50911797
12/26/2010,58.923
12/27/2010,48.168
12/28/2010,30.201
12/29/2010,18.037
12/30/2010,32.898
12/31/2010,47
01/01/2011,71.334
01/02/2011,68.189
01/03/2011,319.789
01/04/2011,187.34
01/05/2011,198.831
01/06/2011,438.01
01/07/2011,168.49
01/08/2011,111.013
01/09/2011,77.064
01/10/2011,94.073
01/11/2011,84.18
01/12/2011,100.784
01/13/2011,132.02
01/14/2011,124.94
01/15/2011,107.582
01/16/2011,191.155
01/17/2011,234.067
01/18/2011,219.84
01/19/2011,158.844
01/20/2011,142.779
01/21/2011,117.937
01/22/2011,90.752
01/23/2011,93.23367802
01/24/2011,99.7335987
01/25/2011,106.5189919
01/26/2011,115.3141825
01/27/2011,121.429
01/28/2011,94.073
01/29/2011,77.705
01/30/2011,70.703
01/31/2011,47
02/01/2011,41.244
02/02/2011,51.55133134
02/03/2011,59.94685501
02/04/2011,65.86471974
02/05/2011,69.6446899
02/06/2011,71.61855623
02/07/2011,72.47712461
02/08/2011,72.62501438
02/09/2011,72.28208107
02/10/2011,71.53855443
02/11/2011,70.37770347
02/12/2011,68.67170599
02/13/2011,66.14968807
02/14/2011,62.32992743
02/15/2011,58.32222874
02/16/2011,51.79212191
02/17/2011,48.168
02/18/2011,77.705
02/19/2011,61.982
02/20/2011,47
02/21/2011,51.9995676
02/22/2011,55.76162169
02/23/2011,57.51560059
02/24/2011,57.102
02/25/2011,49.931
02/26/2011,47
02/27/2011,58.923
02/28/2011,54.091
03/01/2011,49.931
03/02/2011,52.896
03/03/2011,111.013
03/04/2011,179.753
03/05/2011,149.311
03/06/2011,104.172
03/07/2011,83.528
03/08/2011,97.417
03/09/2011,74.507
03/10/2011,61.982
03/11/2011,47
03/12/2011,330.508
03/13/2011,273.639
03/14/2011,183.539
03/15/2011,124.94
03/16/2011,100.6524945
03/17/2011,89.75859495
03/18/2011,83.60667331
03/19/2011,80.14012179
03/20/2011,77.27181313
03/21/2011,74.507
03/22/2011,71.334
03/23/2011,61.982
03/24/2011,47
03/25/2011,44.104
03/26/2011,40.11
03/27/2011,38.422
03/28/2011,41.244
03/29/2011,40.11
03/30/2011,38.422
03/31/2011,35.639
04/01/2011,35.639
04/02/2011,32.898
04/03/2011,31.814
04/04/2011,30.201
04/05/2011,31.274
04/06/2011,30.737
04/07/2011,29.667
04/08/2011,28.076
04/09/2011,27.025
04/10/2011,30.201
04/11/2011,71.334
04/12/2011,41.244
04/13/2011,68.189
04/14/2011,65.692
04/15/2011,63.832
04/16/2011,60.143
04/17/2011,57.102
04/18/2011,52.896
04/19/2011,48.168
04/20/2011,44.104
04/21/2011,40.676
04/22/2011,36.747
04/23/2011,34.538
04/24/2011,31.814
04/25/2011,30.201
04/26/2011,25.981
04/27/2011,21.891
04/28/2011,20.89
04/29/2011,146.401
04/30/2011,68.189
05/01/2011,40.11
05/02/2011,47
05/03/2011,41.813
05/04/2011,35.088
05/05/2011,35.088
05/06/2011,34.538
05/07/2011,34.538
05/08/2011,34.538
05/09/2011,34.538
05/10/2011,33.443
05/11/2011,31.814
05/12/2011,30.201
05/13/2011,29.667
05/14/2011,27.549
05/15/2011,26.502
05/16/2011,24.946
05/17/2011,23.919
05/18/2011,23.919
05/19/2011,23.409
05/20/2011,23.409
05/21/2011,22.395
05/22/2011,22.395
05/23/2011,21.891
05/24/2011,21.389
05/25/2011,20.393
05/26/2011,20.393
05/27/2011,19.77
05/28/2011,19.77
05/29/2011,19.77
05/30/2011,19.77
05/31/2011,19.333
06/01/2011,19.333
06/02/2011,18.466
06/03/2011,18.466
06/04/2011,17.609
06/05/2011,17.609
06/06/2011,17.185
06/07/2011,17.185
06/08/2011,17.185
06/09/2011,17.185
06/10/2011,32.898
06/11/2011,30.201
06/12/2011,23.919
06/13/2011,20.89
06/14/2011,22.395
06/15/2011,19.77
06/16/2011,18.466
06/17/2011,17.609
06/18/2011,15.513
06/19/2011,15.513
06/20/2011,15.513
06/21/2011,15.513
06/22/2011,15.513
06/23/2011,15.513
06/24/2011,16.763
06/25/2011,22.395
06/26/2011,30.201
06/27/2011,24.946
06/28/2011,24.432
06/29/2011,24.432
06/30/2011,24.432
07/01/2011,23.919
07/02/2011,22.90507297
07/03/2011,22.22755743
07/04/2011,21.91866815
07/05/2011,21.98818031
07/06/2011,22.42272944
07/07/2011,23.28882137
07/08/2011,24.432
07/09/2011,24.432
07/10/2011,24.432
07/11/2011,23.919
07/12/2011,23.919
07/13/2011,23.919
07/14/2011,22.395
07/15/2011,22.395
07/16/2011,21.891
07/17/2011,21.891
07/18/2011,20.89
07/19/2011,20.89
07/20/2011,20.89
07/21/2011,17.609
07/22/2011,15.513
07/23/2011,15.513
07/24/2011,15.513
07/25/2011,15.102
07/26/2011,15.102
07/27/2011,15.102
07/28/2011,15.102
07/29/2011,14.693
07/30/2011,14.693
07/31/2011,14.287
08/01/2011,14.287
08/02/2011,13.885
08/03/2011,13.885
08/04/2011,13.485
08/05/2011,13.485
08/06/2011,13.485
08/07/2011,13.087
08/08/2011,13.087
08/09/2011,12.693
08/10/2011,12.693
08/11/2011,12.302
08/12/2011,12.302
08/13/2011,12.302
08/14/2011,11.914
08/15/2011,11.914
08/16/2011,11.914
08/17/2011,11.529
08/18/2011,11.529
08/19/2011,11.529
08/20/2011,11.529
08/21/2011,11.529
08/22/2011,11.529
08/23/2011,11.529
08/24/2011,11.529
08/25/2011,11.529
08/26/2011,11.529
08/27/2011,11.529
08/28/2011,11.529
08/29/2011,11.529
08/30/2011,11.529
08/31/2011,11.529
09/01/2011,14.693
09/02/2011,13.885
09/03/2011,13.485
09/04/2011,12.693
09/05/2011,12.302
09/06/2011,11.529
09/07/2011,11.529
09/08/2011,11.529
09/09/2011,11.148
09/10/2011,11.148
09/11/2011,11.148
09/12/2011,11.148
09/13/2011,11.148
09/14/2011,11.148
09/15/2011,11.148
09/16/2011,11.148
09/17/2011,11.148
09/18/2011,11.148
09/19/2011,10.769
09/20/2011,10.769
09/21/2011,10.769
09/22/2011,10.769
09/23/2011,10.769
09/24/2011,10.769
09/25/2011,10.394
09/26/2011,10.394
09/27/2011,10.394
09/28/2011,10.394
09/29/2011,10.394
09/30/2011,10.394
10/01/2011,10.394
10/02/2011,10.394
10/03/2011,10.394
10/04/2011,10.022
10/05/2011,10.022
10/06/2011,10.022
10/07/2011,11.148
10/08/2011,10.769
10/09/2011,10.769
10/10/2011,12.693
10/11/2011,11.914
10/12/2011,11.529
10/13/2011,11.148
10/14/2011,11.148
10/15/2011,17.609
10/16/2011,77.705
10/17/2011,75.144
10/18/2011,46.418
10/19/2011,24.946
10/20/2011,20.393
10/21/2011,18.037
10/22/2011,15.513
10/23/2011,13.485
10/24/2011,11.914
10/25/2011,15.513
10/26/2011,21.389
10/27/2011,15.513
10/28/2011,17.609
10/29/2011,15.927
10/30/2011,35.639
10/31/2011,19.77
11/01/2011,18.037
11/02/2011,17.609
11/03/2011,16.344
11/04/2011,15.102
11/05/2011,13.885
11/06/2011,12.693
11/07/2011,11.914
11/08/2011,11.529
11/09/2011,11.529
11/10/2011,11.529
11/11/2011,11.529
11/12/2011,11.529
11/13/2011,11.529
11/14/2011,45.837
11/15/2011,242.045
11/16/2011,142.057
11/17/2011,128.471
11/18/2011,85.9098598
11/19/2011,37.862
11/20/2011,18.466
11/21/2011,17.185
11/22/2011,16.344
11/23/2011,15.513
11/24/2011,15.513
11/25/2011,15.102
11/26/2011,15.102
11/27/2011,90.752
11/28/2011,68.189
11/29/2011,27.549
11/30/2011,22.395
12/01/2011,35.639
12/02/2011,24.432
12/03/2011,19.77
12/04/2011,17.609
12/05/2011,16.763
12/06/2011,15.102
12/07/2011,30.07551383
12/08/2011,44.104
12/09/2011,36.193
12/10/2011,30.201
12/11/2011,27.549
12/12/2011,25.90441512
12/13/2011,24.946
12/14/2011,29.135
12/15/2011,26.502
12/16/2011,19.77
12/17/2011,15.927
12/18/2011,15.927
12/19/2011,15.513
12/20/2011,16.763
12/21/2011,15.102
12/22/2011,15.102
12/23/2011,14.693
12/24/2011,13.885
12/25/2011,15.513
12/26/2011,18.898
12/27/2011,19.333
12/28/2011,18.898
12/29/2011,24.946
12/30/2011,22.395
12/31/2011,32.898
01/01/2012,87.16524269
01/02/2012,135.588
01/03/2012,83.528
01/04/2012,73.87
01/05/2012,68.189
01/06/2012,65.071
01/07/2012,71.334
01/08/2012,87.454
01/09/2012,115.158
01/10/2012,90.752
01/11/2012,80.93
01/12/2012,72.6
01/13/2012,65.692
01/14/2012,32.898
01/15/2012,41.813
01/16/2012,71.334
01/17/2012,90.752
01/18/2012,125.645
01/19/2012,106.899
01/20/2012,90.752
01/21/2012,87.38092546
01/22/2012,90.09
01/23/2012,107.582
01/24/2012,90.752
01/25/2012,84.18
01/26/2012,78.348
01/27/2012,75.783
01/28/2012,89.43
01/29/2012,79.35613011
01/30/2012,67.56019892
01/31/2012,57.03086377
02/01/2012,45.6000338
02/02/2012,34.538
02/03/2012,33.45735887
02/04/2012,31.274
02/05/2012,28.604
02/06/2012,27.025
02/07/2012,24.946
02/08/2012,22.395
02/09/2012,19.333
02/10/2012,17.609
02/11/2012,99.42206183
02/12/2012,179.753
02/13/2012,134.159
02/14/2012,86.797
02/15/2012,58.923
02/16/2012,43.529
02/17/2012,31.814
02/18/2012,29.667
02/19/2012,28.076
02/20/2012,27.025
02/21/2012,30.201
02/22/2012,65.071
02/23/2012,65.071
02/24/2012,63.832
02/25/2012,53.493
02/26/2012,66.315
02/27/2012,70.073
02/28/2012,63.214
02/29/2012,58.923
03/01/2012,47.583
03/02/2012,51.706
03/03/2012,42.383
03/04/2012,36.193
03/05/2012,33.443
03/06/2012,30.201
03/07/2012,26.502
03/08/2012,24.432
03/09/2012,23.409
03/10/2012,22.395
03/11/2012,20.393
03/12/2012,21.891
03/13/2012,22.901
03/14/2012,25.981
03/15/2012,28.076
03/16/2012,30.201
03/17/2012,31.274
03/18/2012,30.737
03/19/2012,29.667
03/20/2012,28.076
03/21/2012,28.076
03/22/2012,27.025
03/23/2012,25.99601473
03/24/2012,24.946
03/25/2012,22.395
03/26/2012,19.77
03/27/2012,19.77
03/28/2012,19.333
03/29/2012,18.466
03/30/2012,17.609
03/31/2012,17.185
04/01/2012,17.185
04/02/2012,16.344
04/03/2012,15.927
04/04/2012,15.513
04/05/2012,15.102
04/06/2012,15.102
04/07/2012,14.693
04/08/2012,14.693
04/09/2012,22.395
04/10/2012,20.89
04/11/2012,19.77
04/12/2012,19.333
04/13/2012,18.466
04/14/2012,17.609
04/15/2012,16.763
04/16/2012,15.927
04/17/2012,15.513
04/18/2012,15.102
04/19/2012,15.102
04/20/2012,14.693
04/21/2012,34.06794588
04/22/2012,52.301
04/23/2012,35.088
04/24/2012,20.89
04/25/2012,18.77152395
04/26/2012,16.82918985
04/27/2012,15.102
04/28/2012,15.102
04/29/2012,17.609
04/30/2012,41.244
05/01/2012,81.453
05/02/2012,73.376
05/03/2012,30.639
05/04/2012,23.125
05/05/2012,22.076
05/06/2012,22.599
05/07/2012,22.599
05/08/2012,22.599
05/09/2012,22.076
05/10/2012,21.96433523
05/11/2012,22.076
05/12/2012,36.171
05/13/2012,68.465
05/14/2012,50.5
05/15/2012,38.983
05/16/2012,34.498
05/17/2012,27.922
05/18/2012,23.125
05/19/2012,16.941
05/20/2012,16.941
05/21/2012,16.941
05/22/2012,16.941
05/23/2012,16.941
05/24/2012,16.941
05/25/2012,16.941
05/26/2012,23.651
05/27/2012,20.516
05/28/2012,17.445
05/29/2012,16.941
05/30/2012,16.941
05/31/2012,16.941
06/01/2012,16.941
06/02/2012,22.599
06/03/2012,19.999
06/04/2012,14.448
06/05/2012,85.849
06/06/2012,85.849
06/07/2012,71.528
06/08/2012,56.404
06/09/2012,78.955
06/10/2012,50.5
06/11/2012,30.639
06/12/2012,27.922
06/13/2012,24.71
06/14/2012,23.125
06/15/2012,21.034
06/16/2012,19.999
06/17/2012,18.461
06/18/2012,17.445
06/19/2012,16.941
06/20/2012,179.753
06/21/2012,126.703
06/22/2012,105.03
06/23/2012,87.742
06/24/2012,55.809
06/25/2012,33.389
06/26/2012,31.186
06/27/2012,27.922
06/28/2012,26.309
06/29/2012,24.71
06/30/2012,23.125
07/01/2012,22.599
07/02/2012,22.599
07/03/2012,21.554
07/04/2012,19.999
07/05/2012,18.461
07/06/2012,17.952
07/07/2012,17.445
07/08/2012,26.845
07/09/2012,25.241
07/10/2012,20.516
07/11/2012,17.445
07/12/2012,17.445
07/13/2012,23.651
07/14/2012,31.186
07/15/2012,85.849
07/16/2012,74.61
07/17/2012,62.997
07/18/2012,47.583
07/19/2012,38.983
07/20/2012,31.59276155
07/21/2012,25.08222098
07/22/2012,19.999
07/23/2012,19.999
07/24/2012,18.972
07/25/2012,18.461
07/26/2012,16.941
07/27/2012,16.438
07/28/2012,15.937
07/29/2012,14.942
07/30/2012,14.448
07/31/2012,13.956
08/01/2012,12.98
08/02/2012,12.495
08/03/2012,12.014
08/04/2012,12.014
08/05/2012,12.014
08/06/2012,11.534
08/07/2012,11.534
08/08/2012,11.058
08/09/2012,11.058
08/10/2012,10.584
08/11/2012,10.114
08/12/2012,10.114
08/13/2012,10.114
08/14/2012,10.114
08/15/2012,10.114
08/16/2012,10.114
08/17/2012,10.114
08/18/2012,10.114
08/19/2012,10.114
08/20/2012,9.646
08/21/2012,9.646
08/22/2012,9.646
08/23/2012,9.646
08/24/2012,9.646
08/25/2012,9.646
08/26/2012,9.646
08/27/2012,9.646
08/28/2012,9.181
08/29/2012,9.181
08/30/2012,9.181
08/31/2012,9.181
09/01/2012,9.181
09/02/2012,9.181
09/03/2012,9.181
09/04/2012,9.181
09/05/2012,9.181
09/06/2012,9.181
09/07/2012,10.114
09/08/2012,10.114
09/09/2012,9.646
09/10/2012,10.584
09/11/2012,10.114
09/12/2012,10.114
09/13/2012,9.646
09/14/2012,9.646
09/15/2012,9.646
09/16/2012,9.181
09/17/2012,9.181
09/18/2012,9.181
09/19/2012,11.59054928
09/20/2012,14.45537452
09/21/2012,17.445
09/22/2012,19.999
09/23/2012,17.445
09/24/2012,10.114
09/25/2012,12.014
09/26/2012,12.014
09/27/2012,11.534
09/28/2012,11.058
09/29/2012,10.584
09/30/2012,10.114
10/01/2012,10.114
10/02/2012,10.114
10/03/2012,9.646
10/04/2012,9.181
10/05/2012,8.72
10/06/2012,7.952
10/07/2012,7.718
10/08/2012,7.718
10/09/2012,7.718
10/10/2012,7.718
10/11/2012,7.718
10/12/2012,7.718
10/13/2012,7.718
10/14/2012,7.718
10/15/2012,7.718
10/16/2012,8.776863929
10/17/2012,8.72
10/18/2012,7.952
10/19/2012,7.952
10/20/2012,7.952
10/21/2012,19.84077982
10/22/2012,34.11448029
10/23/2012,50.49460133
10/24/2012,69.688
10/25/2012,80.202
10/26/2012,75.848
10/27/2012,69.076
10/28/2012,53.441
10/29/2012,27.383
10/30/2012,13.467
10/31/2012,11.058
11/01/2012,8.72
11/02/2012,8.188
11/03/2012,7.952
11/04/2012,11.41303352
11/05/2012,14.43069505
11/06/2012,16.70278805
11/07/2012,18.70266981
11/08/2012,20.43306371
11/09/2012,22.28236887
11/10/2012,23.651
11/11/2012,18.972
11/12/2012,14.942
11/13/2012,12.014
11/14/2012,7.952
11/15/2012,10.114
11/16/2012,8.72
11/17/2012,9.181
11/18/2012,8.188
11/19/2012,7.952
11/20/2012,13.956
11/21/2012,7.952
11/22/2012,7.952
11/23/2012,10.584
11/24/2012,10.584
11/25/2012,26.845
11/26/2012,20.516
11/27/2012,12.014
11/28/2012,11.774
11/29/2012,9.646
11/30/2012,7.835
12/01/2012,7.718
12/02/2012,7.602
12/03/2012,60.288
12/04/2012,61.791
12/05/2012,31.46
12/06/2012,14.942
12/07/2012,10.349
12/08/2012,12.014
12/09/2012,16.689
12/10/2012,15.19
12/11/2012,11.296
12/12/2012,12.254
12/13/2012,16.689
12/14/2012,14.448
12/15/2012,117.769
12/16/2012,78.955
12/17/2012,63.904
12/18/2012,47.293
12/19/2012,29.276
12/20/2012,25.241
12/21/2012,20.257
12/22/2012,17.952
12/23/2012,16.941
12/24/2012,16.941
12/25/2012,14.695
12/26/2012,16.438
12/27/2012,41.823
12/28/2012,77.399
12/29/2012,54.919
12/30/2012,27.383
12/31/2012,32.561
01/01/2013,35.892
01/02/2013,29.82
01/03/2013,17.445
01/04/2013,15.937
01/05/2013,36.451
01/06/2013,22.337
01/07/2013,23.651
01/08/2013,21.554
01/09/2013,35.612
01/10/2013,23.915
01/11/2013,24.975
01/12/2013,21.815
01/13/2013,91.865
01/14/2013,119.417
01/15/2013,97.294
01/16/2013,87.111
01/17/2013,93.776
01/18/2013,59.089
01/19/2013,41.253
01/20/2013,36.451
01/21/2013,29.82
01/22/2013,25.508
01/23/2013,22.076
01/24/2013,22.076
01/25/2013,22.076
01/26/2013,29.005
01/27/2013,57.297
01/28/2013,27.652
01/29/2013,22.076
01/30/2013,19.999
01/31/2013,43.54
02/01/2013,50.207
02/02/2013,69.076
02/03/2013,60.288
02/04/2013,49.038
02/05/2013,37.292
02/06/2013,27.383
02/07/2013,30.639
02/08/2013,33.113
02/09/2013,56.999
02/10/2013,72.143
02/11/2013,49.622
02/12/2013,35.612
02/13/2013,31.46
02/14/2013,27.114
02/15/2013,29.005
02/16/2013,31.46
02/17/2013,44.69
02/18/2013,37.573
02/19/2013,30.639
02/20/2013,25.241
02/21/2013,29.276
02/22/2013,29.005
02/23/2013,32.01
02/24/2013,33.943
02/25/2013,27.383
02/26/2013,20.257
02/27/2013,19.485
02/28/2013,18.972
03/01/2013,18.972
03/02/2013,26.042
03/03/2013,18.972
03/04/2013,17.699
03/05/2013,16.941
03/06/2013,17.193
03/07/2013,18.207
03/08/2013,20.775
03/09/2013,16.438
03/10/2013,71.221
03/11/2013,54.327
03/12/2013,83.333
03/13/2013,73.376
03/14/2013,62.997
03/15/2013,31.46
03/16/2013,31.186
03/17/2013,24.445
03/18/2013,21.294
03/19/2013,19.742
03/20/2013,24.445
03/21/2013,32.01
03/22/2013,48.164
03/23/2013,36.171
03/24/2013,22.599
03/25/2013,27.922
03/26/2013,27.383
03/27/2013,27.383
03/28/2013,22.599
03/29/2013,21.294
03/30/2013,19.228
03/31/2013,18.207
04/01/2013,17.193
04/02/2013,51.673
04/03/2013,69.076
04/04/2013,30.639
04/05/2013,66.94
04/06/2013,79.578
04/07/2013,40.4
04/08/2013,25.508
04/09/2013,25.241
04/10/2013,24.71
04/11/2013,25.774
04/12/2013,21.815
04/13/2013,69.076
04/14/2013,31.735
04/15/2013,25.241
04/16/2013,21.554
04/17/2013,17.445
04/18/2013,17.445
04/19/2013,17.445
04/20/2013,17.445
04/21/2013,17.445
04/22/2013,19.999
04/23/2013,18.207
04/24/2013,16.689
04/25/2013,15.937
04/26/2013,16.689
04/27/2013,15.438
04/28/2013,15.19
04/29/2013,14.942
04/30/2013,14.695
05/01/2013,14.448
05/02/2013,14.448
05/03/2013,13.956
05/04/2013,13.956
05/05/2013,15.687
05/06/2013,13.711
05/07/2013,12.495
05/08/2013,12.014
05/09/2013,11.534
05/10/2013,11.534
05/11/2013,11.534
05/12/2013,11.534
05/13/2013,11.534
05/14/2013,11.534
05/15/2013,11.534
05/16/2013,11.534
05/17/2013,11.534
05/18/2013,11.534
05/19/2013,11.534
05/20/2013,11.534
05/21/2013,11.534
05/22/2013,11.534
05/23/2013,11.534
05/24/2013,11.534
05/25/2013,13.467
05/26/2013,14.202
05/27/2013,23.915
05/28/2013,62.394
05/29/2013,106.327
05/30/2013,96.013
05/31/2013,55.512
06/01/2013,35.055
06/02/2013,22.862
06/03/2013,32.285
06/04/2013,26.309
06/05/2013,21.815
06/06/2013,19.485
06/07/2013,17.445
06/08/2013,16.941
06/09/2013,16.689
06/10/2013,16.689
06/11/2013,17.193
06/12/2013,23.388
06/13/2013,24.445
06/14/2013,20.775
06/15/2013,18.461
06/16/2013,17.193
06/17/2013,37.573
06/18/2013,29.276
06/19/2013,24.975
06/20/2013,23.125
06/21/2013,21.815
06/22/2013,19.742
06/23/2013,17.445
06/24/2013,17.445
06/25/2013,27.383
06/26/2013,33.389
06/27/2013,29.276
06/28/2013,22.862
06/29/2013,18.716
06/30/2013,29.82
07/01/2013,34.221
07/02/2013,32.01
07/03/2013,27.652
07/04/2013,21.294
07/05/2013,18.972
07/06/2013,17.699
07/07/2013,17.193
07/08/2013,16.941
07/09/2013,16.438
07/10/2013,16.187
07/11/2013,15.438
07/12/2013,14.448
07/13/2013,13.711
07/14/2013,12.98
07/15/2013,12.98
07/16/2013,14.695
07/17/2013,13.467
07/18/2013,14.942
07/19/2013,14.942
07/20/2013,17.699
07/21/2013,17.699
07/22/2013,17.445
07/23/2013,16.689
07/24/2013,18.207
07/25/2013,22.337
07/26/2013,17.952
07/27/2013,16.438
07/28/2013,15.937
07/29/2013,14.942
07/30/2013,13.956
07/31/2013,12.737
08/01/2013,12.014
08/02/2013,12.014
08/03/2013,11.774
08/04/2013,11.534
08/05/2013,11.534
08/06/2013,11.534
08/07/2013,11.534
08/08/2013,11.534
08/09/2013,11.534
08/10/2013,11.058
08/11/2013,11.058
08/12/2013,10.584
08/13/2013,10.584
08/14/2013,10.584
08/15/2013,10.584
08/16/2013,10.584
08/17/2013,10.584
08/18/2013,10.584
08/19/2013,10.584
08/20/2013,11.058
08/21/2013,10.584
08/22/2013,10.584
08/23/2013,10.584
08/24/2013,10.584
08/25/2013,9.646
08/26/2013,8.72
08/27/2013,8.95
08/28/2013,8.72
08/29/2013,8.72
08/30/2013,8.72
08/31/2013,8.72
09/01/2013,8.72
09/02/2013,8.72
09/03/2013,10.114
09/04/2013,9.646
09/05/2013,8.95
09/06/2013,8.72
09/07/2013,8.72
09/08/2013,8.72
09/09/2013,8.49
09/10/2013,8.188
09/11/2013,8.188
09/12/2013,8.188
09/13/2013,8.07
09/14/2013,8.188
09/15/2013,8.188
09/16/2013,8.188
09/17/2013,10.821
09/18/2013,16.438
09/19/2013,16.438
09/20/2013,10.584
09/21/2013,10.584
09/22/2013,10.349
09/23/2013,9.879
09/24/2013,9.646
09/25/2013,9.181
09/26/2013,8.95
09/27/2013,8.72
09/28/2013,8.72
09/29/2013,8.72
09/30/2013,8.72
10/01/2013,16.941
10/02/2013,63.602
10/03/2013,32.285
10/04/2013,77.089
10/05/2013,44.115
10/06/2013,20.516
10/07/2013,13.467
10/08/2013,8.188
10/09/2013,7.486
10/10/2013,7.486
10/11/2013,9.879
10/12/2013,9.181
10/13/2013,8.72
10/14/2013,8.72
10/15/2013,8.188
10/16/2013,10.349
10/17/2013,11.058
10/18/2013,16.438
10/19/2013,15.438
10/20/2013,11.058
10/21/2013,12.495
10/22/2013,9.181
10/23/2013,10.821
10/24/2013,14.202
10/25/2013,9.646
10/26/2013,9.181
10/27/2013,10.584
10/28/2013,12.014
10/29/2013,10.114
10/30/2013,8.95
10/31/2013,8.07
11/01/2013,7.952
11/02/2013,7.835
11/03/2013,8.72
11/04/2013,35.612
11/05/2013,41.253
11/06/2013,40.968
11/07/2013,38.136
11/08/2013,35.055
11/09/2013,21.294
11/10/2013,12.98
11/11/2013,9.181
11/12/2013,8.72
11/13/2013,8.72
11/14/2013,8.72
11/15/2013,8.188
11/16/2013,8.188
11/17/2013,23.915
11/18/2013,83.647
11/19/2013,21.815
11/20/2013,13.223
11/21/2013,10.821
11/22/2013,13.223
11/23/2013,13.956
11/24/2013,14.695
11/25/2013,43.827
11/26/2013,31.186
11/27/2013,18.716
11/28/2013,11.296
11/29/2013,12.98
11/30/2013,9.181
12/01/2013,37.573
12/02/2013,25.774
12/03/2013,16.438
12/04/2013,13.467
12/05/2013,10.349
12/06/2013,10.584
12/07/2013,10.114
12/08/2013,21.294
12/09/2013,14.202
12/10/2013,8.07
12/11/2013,7.835
12/12/2013,50.207
12/13/2013,26.042
12/14/2013,15.937
12/15/2013,12.737
12/16/2013,16.941
12/17/2013,15.438
12/18/2013,11.296
12/19/2013,10.349
12/20/2013,8.07
12/21/2013,15.937
12/22/2013,21.034
12/23/2013,18.716
12/24/2013,16.438
12/25/2013,14.202
12/26/2013,12.495
12/27/2013,12.737
12/28/2013,19.999
12/29/2013,20.257
12/30/2013,13.467
12/31/2013,18.716
01/01/2014,17.952
01/02/2014,15.438
01/03/2014,13.956
01/04/2014,12.737
01/05/2014,30.639
01/06/2014,23.915
01/07/2014,18.716
01/08/2014,15.687
01/09/2014,12.737
01/10/2014,11.534
01/11/2014,10.821
01/12/2014,10.114
01/13/2014,33.389
01/14/2014,22.599
01/15/2014,19.999
01/16/2014,16.941
01/17/2014,14.695
01/18/2014,12.014
01/19/2014,9.646
01/20/2014,8.49
01/21/2014,8.188
01/22/2014,8.188
01/23/2014,17.699
01/24/2014,13.711
01/25/2014,15.687
01/26/2014,15.937
01/27/2014,10.349
01/28/2014,8.188
01/29/2014,8.188
01/30/2014,8.07
01/31/2014,7.952
02/01/2014,7.952
02/02/2014,7.835
02/03/2014,7.718
02/04/2014,7.718
02/05/2014,7.718
02/06/2014,7.486
02/07/2014,7.486
02/08/2014,7.486
02/09/2014,7.486
02/10/2014,7.486
02/11/2014,7.486
02/12/2014,7.486
02/13/2014,7.486
02/14/2014,7.486
02/15/2014,7.486
02/16/2014,9.879
02/17/2014,16.187
02/18/2014,18.207
02/19/2014,14.448
02/20/2014,11.534
02/21/2014,9.413
02/22/2014,7.952
02/23/2014,8.72
02/24/2014,12.495
02/25/2014,7.952
02/26/2014,15.937
02/27/2014,15.438
02/28/2014,17.193
03/01/2014,27.652
03/02/2014,47.293
03/03/2014,33.389
03/04/2014,19.228
03/05/2014,17.699
03/06/2014,16.689
03/07/2014,13.223
03/08/2014,26.577
03/09/2014,18.207
03/10/2014,12.495
03/11/2014,30.639
03/12/2014,77.399
03/13/2014,58.491
03/14/2014,33.113
03/15/2014,21.815
03/16/2014,18.461
03/17/2014,14.942
03/18/2014,12.014
03/19/2014,8.95
03/20/2014,9.879
03/21/2014,12.014
03/22/2014,13.956
03/23/2014,11.534
03/24/2014,11.296
03/25/2014,8.72
03/26/2014,7.952
03/27/2014,7.952
03/28/2014,7.952
03/29/2014,7.952
03/30/2014,7.718
03/31/2014,7.718
04/01/2014,7.486
04/02/2014,7.486
04/03/2014,15.687
04/04/2014,13.711
04/05/2014,12.014
04/06/2014,9.879
04/07/2014,8.188
04/08/2014,7.952
04/09/2014,7.835
04/10/2014,7.718
04/11/2014,7.486
04/12/2014,7.486
04/13/2014,7.486
04/14/2014,7.486
04/15/2014,7.952
04/16/2014,15.687
04/17/2014,11.774
04/18/2014,9.181
04/19/2014,8.72
04/20/2014,8.07
04/21/2014,7.952
04/22/2014,9.879
04/23/2014,16.689
04/24/2014,13.711
04/25/2014,8.49
04/26/2014,7.718
04/27/2014,7.37
04/28/2014,7.141
04/29/2014,7.026
04/30/2014,7.026
05/01/2014,7.026
05/02/2014,7.026
05/03/2014,7.026
05/04/2014,6.799
05/05/2014,6.799
05/06/2014,7.026
05/07/2014,6.913
05/08/2014,7.026
05/09/2014,7.141
05/10/2014,7.255
05/11/2014,7.37
05/12/2014,7.37
05/13/2014,7.141
05/14/2014,7.141
05/15/2014,7.37
05/16/2014,7.37
05/17/2014,7.255
05/18/2014,7.486
05/19/2014,7.486
05/20/2014,7.486
05/21/2014,7.486
05/22/2014,7.255
05/23/2014,11.774
05/24/2014,21.034
05/25/2014,18.207
05/26/2014,7.952
05/27/2014,7.718
05/28/2014,7.486
05/29/2014,7.486
05/30/2014,7.486
05/31/2014,7.718
06/01/2014,7.952
06/02/2014,7.486
06/03/2014,7.486
06/04/2014,7.486
06/05/2014,7.486
06/06/2014,7.486
06/07/2014,7.486
06/08/2014,7.486
06/09/2014,7.486
06/10/2014,7.486
06/11/2014,7.486
06/12/2014,7.486
06/13/2014,7.486
06/14/2014,7.486
06/15/2014,7.486
06/16/2014,7.486
06/17/2014,7.486
06/18/2014,7.486
06/19/2014,7.486
06/20/2014,7.37
06/21/2014,7.255
06/22/2014,7.255
06/23/2014,7.255
06/24/2014,7.255
06/25/2014,7.255
06/26/2014,7.255
06/27/2014,7.255
06/28/2014,7.255
06/29/2014,7.255
06/30/2014,7.255
07/01/2014,7.255
07/02/2014,7.026
07/03/2014,7.026
07/04/2014,7.026
07/05/2014,7.026
07/06/2014,7.026
07/07/2014,7.026
07/08/2014,6.799
07/09/2014,6.913
07/10/2014,7.026
07/11/2014,7.026
07/12/2014,6.799
07/13/2014,6.574
07/14/2014,6.574
07/15/2014,6.574
07/16/2014,6.462
07/17/2014,6.351
07/18/2014,6.351
07/19/2014,6.13
07/20/2014,6.02
07/21/2014,5.91
07/22/2014,5.801
07/23/2014,5.693
07/24/2014,5.801
07/25/2014,6.02
07/26/2014,6.574
07/27/2014,6.687
07/28/2014,6.799
07/29/2014,6.574
07/30/2014,6.24
07/31/2014,6.13
08/01/2014,6.02
08/02/2014,5.801
08/03/2014,5.693
08/04/2014,5.693
08/05/2014,5.693
08/06/2014,5.585
08/07/2014,5.371
08/08/2014,5.264
08/09/2014,5.053
08/10/2014,4.844
08/11/2014,4.741
08/12/2014,4.638
08/13/2014,5.264
08/14/2014,5.91
08/15/2014,6.799
08/16/2014,6.687
08/17/2014,6.462
08/18/2014,6.351
08/19/2014,6.13
08/20/2014,6.13
08/21/2014,6.13
08/22/2014,6.13
08/23/2014,6.13
08/24/2014,6.13
08/25/2014,6.13
08/26/2014,5.91
08/27/2014,5.91
08/28/2014,5.801
08/29/2014,5.693
08/30/2014,5.478
08/31/2014,5.478
09/01/2014,6.13
09/02/2014,5.91
09/03/2014,14.202
09/04/2014,9.879
09/05/2014,7.486
09/06/2014,7.141
09/07/2014,6.687
09/08/2014,6.462
09/09/2014,6.24
09/10/2014,5.91
09/11/2014,5.478
09/12/2014,5.478
09/13/2014,5.478
09/14/2014,5.478
09/15/2014,5.478
09/16/2014,5.478
09/17/2014,5.478
09/18/2014,6.351
09/19/2014,6.574
09/20/2014,5.91
09/21/2014,5.801
09/22/2014,5.693
09/23/2014,5.585
09/24/2014,5.478
09/25/2014,6.574
09/26/2014,6.13
09/27/2014,11.296
09/28/2014,7.718
09/29/2014,6.574
09/30/2014,6.13
10/01/2014,5.693
10/02/2014,5.585
10/03/2014,5.478
10/04/2014,5.478
10/05/2014,5.478
10/06/2014,5.478
10/07/2014,5.478
10/08/2014,5.478
10/09/2014,5.478
10/10/2014,5.478
10/11/2014,5.478
10/12/2014,5.264
10/13/2014,5.264
10/14/2014,5.264
10/15/2014,5.264
10/16/2014,5.264
10/17/2014,5.264
10/18/2014,5.264
10/19/2014,5.264
10/20/2014,5.053
10/21/2014,5.053
10/22/2014,5.053
10/23/2014,5.053
10/24/2014,5.053
10/25/2014,5.053
10/26/2014,5.801
10/27/2014,8.72
10/28/2014,6.02
10/29/2014,5.478
10/30/2014,5.371
10/31/2014,5.264
11/01/2014,5.053
11/02/2014,5.801
11/03/2014,15.687
11/04/2014,8.95
11/05/2014,6.462
11/06/2014,5.693
11/07/2014,5.693
11/08/2014,5.693
11/09/2014,5.585
11/10/2014,5.478
11/11/2014,5.478
11/12/2014,5.478
11/13/2014,5.478
11/14/2014,5.478
11/15/2014,5.478
11/16/2014,5.371
11/17/2014,5.264
11/18/2014,5.264
11/19/2014,5.264
11/20/2014,5.264
11/21/2014,5.264
11/22/2014,5.478
11/23/2014,5.693
11/24/2014,6.13
11/25/2014,38.983
11/26/2014,15.438
11/27/2014,12.014
11/28/2014,12.98
11/29/2014,6.913
11/30/2014,5.693
12/01/2014,6.574
12/02/2014,7.026
12/03/2014,6.799
12/04/2014,6.462
12/05/2014,6.351
12/06/2014,6.24
12/07/2014,6.13
12/08/2014,5.91
12/09/2014,5.801
12/10/2014,5.91
12/11/2014,9.646
12/12/2014,15.687
12/13/2014,12.98
12/14/2014,11.534
12/15/2014,11.534
12/16/2014,10.821
12/17/2014,7.718
12/18/2014,6.799
12/19/2014,6.13
12/20/2014,6.799
12/21/2014,11.774
12/22/2014,20.775
12/23/2014,104.059
12/24/2014,91.865
12/25/2014,32.561
12/26/2014,26.309
12/27/2014,11.534
12/28/2014,7.486
12/29/2014,7.718
12/30/2014,9.879
12/31/2014,23.388
01/01/2015,19.228
01/02/2015,19.742
01/03/2015,24.71
01/04/2015,27.652
01/05/2015,12.495
01/06/2015,11.534
01/07/2015,9.646
01/08/2015,9.646
01/09/2015,15.438
01/10/2015,13.711
01/11/2015,10.114
01/12/2015,27.383
01/13/2015,14.202
01/14/2015,12.495
01/15/2015,12.254
01/16/2015,11.058
01/17/2015,8.07
01/18/2015,7.602
01/19/2015,6.799
01/20/2015,6.02
01/21/2015,5.585
01/22/2015,7.141
01/23/2015,7.141
01/24/2015,6.462
01/25/2015,6.574
01/26/2015,12.014
01/27/2015,9.646
01/28/2015,9.646
01/29/2015,9.646
01/30/2015,14.448
01/31/2015,12.014
02/01/2015,10.349
02/02/2015,7.37
02/03/2015,14.448
02/04/2015,14.942
02/05/2015,20.257
02/06/2015,17.193
02/07/2015,14.448
02/08/2015,12.737
02/09/2015,19.228
02/10/2015,18.972
02/11/2015,90.276
02/12/2015,49.915
02/13/2015,64.207
02/14/2015,84.904
02/15/2015,73.376
02/16/2015,76.158
02/17/2015,114.484
02/18/2015,262.212
02/19/2015,177.866
02/20/2015,111.211
02/21/2015,53.441
02/22/2015,24.445
02/23/2015,15.687
02/24/2015,16.438
02/25/2015,22.076
02/26/2015,64.813
02/27/2015,38.136
02/28/2015,26.042
03/01/2015,21.294
03/02/2015,17.952
03/03/2015,16.187
03/04/2015,14.202
03/05/2015,12.98
03/06/2015,14.942
03/07/2015,19.228
03/08/2015,22.076
03/09/2015,24.975
03/10/2015,27.652
03/11/2015,19.999
03/12/2015,21.294
03/13/2015,31.186
03/14/2015,21.294
03/15/2015,19.742
03/16/2015,34.776
03/17/2015,45.555
03/18/2015,27.383
03/19/2015,30.912
03/20/2015,26.042
03/21/2015,42.395
03/22/2015,107.627
03/23/2015,132.708
03/24/2015,51.967
03/25/2015,26.309
03/26/2015,23.125
03/27/2015,22.337
03/28/2015,21.034
03/29/2015,19.485
03/30/2015,25.241
03/31/2015,36.171
04/01/2015,24.71
04/02/2015,21.815
04/03/2015,19.742
04/04/2015,17.193
04/05/2015,14.202
04/06/2015,12.495
04/07/2015,12.495
04/08/2015,12.254
04/09/2015,12.014
04/10/2015,12.014
04/11/2015,12.014
04/12/2015,11.774
04/13/2015,11.534
04/14/2015,11.296
04/15/2015,11.058
04/16/2015,10.821
04/17/2015,10.584
04/18/2015,10.114
04/19/2015,10.584
04/20/2015,12.495
04/21/2015,12.014
04/22/2015,12.495
04/23/2015,12.495
04/24/2015,12.014
04/25/2015,11.534
04/26/2015,11.058
04/27/2015,10.821
04/28/2015,10.584
04/29/2015,10.584
04/30/2015,10.114
05/01/2015,10.114
05/02/2015,10.114
05/03/2015,10.114
05/04/2015,10.114
05/05/2015,12.495
05/06/2015,12.014
05/07/2015,11.534
05/08/2015,11.296
05/09/2015,11.058
05/10/2015,10.821
05/11/2015,30.639
05/12/2015,16.187
05/13/2015,12.014
05/14/2015,11.534
05/15/2015,11.296
05/16/2015,10.821
05/17/2015,10.349
05/18/2015,10.114
05/19/2015,9.646
05/20/2015,9.646
05/21/2015,9.646
05/22/2015,9.646
05/23/2015,9.413
05/24/2015,9.181
05/25/2015,9.181
05/26/2015,8.95
05/27/2015,8.72
05/28/2015,8.72
05/29/2015,9.181
05/30/2015,10.114
05/31/2015,51.38
06/01/2015,51.967
06/02/2015,27.922
06/03/2015,17.445
06/04/2015,14.448
06/05/2015,12.254
06/06/2015,12.014
06/07/2015,10.114
06/08/2015,10.114
06/09/2015,9.879
06/10/2015,9.646
06/11/2015,9.646
06/12/2015,9.413
06/13/2015,9.181
06/14/2015,9.181
06/15/2015,9.181
06/16/2015,9.181
06/17/2015,9.181
06/18/2015,8.95
06/19/2015,8.72
06/20/2015,8.72
06/21/2015,8.49
06/22/2015,8.188
06/23/2015,8.188
06/24/2015,8.07
06/25/2015,7.952
06/26/2015,7.952
06/27/2015,7.952
06/28/2015,7.952
06/29/2015,7.952
06/30/2015,7.952
07/01/2015,7.952
07/02/2015,7.952
07/03/2015,7.835
07/04/2015,7.718
07/05/2015,7.718
07/06/2015,7.835
07/07/2015,9.181
07/08/2015,10.349
07/09/2015,14.448
07/10/2015,13.711
07/11/2015,8.49
07/12/2015,7.952
07/13/2015,7.952
07/14/2015,7.952
07/15/2015,7.718
07/16/2015,7.718
07/17/2015,7.718
07/18/2015,7.718
07/19/2015,7.718
07/20/2015,7.718
07/21/2015,7.718
07/22/2015,7.718
07/23/2015,7.718
07/24/2015,7.718
07/25/2015,7.602
07/26/2015,7.486
07/27/2015,7.486
07/28/2015,7.486
07/29/2015,7.486
07/30/2015,7.486
07/31/2015,7.486
08/01/2015,7.486
08/02/2015,7.486
08/03/2015,7.486
08/04/2015,7.486
08/05/2015,7.486
08/06/2015,7.486
08/07/2015,7.486
08/08/2015,7.486
08/09/2015,7.486
08/10/2015,7.486
08/11/2015,7.486
08/12/2015,7.486
08/13/2015,7.37
08/14/2015,7.255
08/15/2015,7.255
08/16/2015,7.255
08/17/2015,7.255
08/18/2015,7.255
08/19/2015,7.255
08/20/2015,7.255
08/21/2015,7.255
08/22/2015,7.141
08/23/2015,7.026
08/24/2015,7.026
08/25/2015,7.026
08/26/2015,6.799
08/27/2015,6.799
08/28/2015,6.799
08/29/2015,7.141
08/30/2015,6.799
08/31/2015,6.574
09/01/2015,6.574
09/02/2015,6.574
09/03/2015,6.574
09/04/2015,6.574
09/05/2015,6.574
09/06/2015,6.574
09/07/2015,6.574
09/08/2015,6.574
09/09/2015,63.904
09/10/2015,59.089
09/11/2015,49.33
09/12/2015,32.01
09/13/2015,16.941
09/14/2015,16.941
09/15/2015,21.034
09/16/2015,16.941
09/17/2015,11.058
09/18/2015,7.952
09/19/2015,7.141
09/20/2015,6.799
09/21/2015,6.13
09/22/2015,5.693
09/23/2015,5.478
09/24/2015,5.478
09/25/2015,5.478
09/26/2015,5.478
09/27/2015,5.264
09/28/2015,6.574
09/29/2015,14.695
09/30/2015,7.835
10/01/2015,7.602
10/02/2015,7.37
10/03/2015,7.141
10/04/2015,6.799
10/05/2015,6.574
10/06/2015,7.141
10/07/2015,6.913
10/08/2015,6.799
10/09/2015,6.799
10/10/2015,6.799
10/11/2015,6.799
10/12/2015,6.799
10/13/2015,6.687
10/14/2015,6.574
10/15/2015,6.574
10/16/2015,6.574
10/17/2015,6.574
10/18/2015,6.574
10/19/2015,6.574
10/20/2015,6.574
10/21/2015,7.026
10/22/2015,6.799
10/23/2015,16.187
10/24/2015,12.014
10/25/2015,7.952
10/26/2015,7.952
10/27/2015,13.467
10/28/2015,7.952
10/29/2015,7.718
10/30/2015,7.602
10/31/2015,7.486
11/01/2015,20.257
11/02/2015,11.058
11/03/2015,25.774
11/04/2015,15.937
11/05/2015,18.207
11/06/2015,16.187
11/07/2015,12.014
11/08/2015,9.879
11/09/2015,7.718
11/10/2015,11.296
11/11/2015,7.835
11/12/2015,7.486
11/13/2015,8.07
11/14/2015,17.699
11/15/2015,13.956
11/16/2015,21.554
11/17/2015,24.18
11/18/2015,18.461
11/19/2015,11.058
11/20/2015,17.445
11/21/2015,23.915
11/22/2015,15.19
11/23/2015,20.257
11/24/2015,43.253
11/25/2015,104.059
11/26/2015,68.77
11/27/2015,26.042
11/28/2015,17.699
11/29/2015,25.241
11/30/2015,101.474
12/01/2015,85.534
12/02/2015,29.276
12/03/2015,57.893
12/04/2015,83.961
12/05/2015,98.899
12/06/2015,64.51
12/07/2015,29.276
12/08/2015,38.983
12/09/2015,43.253
12/10/2015,41.253
12/11/2015,37.012
12/12/2015,36.731
12/13/2015,43.253
12/14/2015,20.516
12/15/2015,19.999
12/16/2015,57.893
12/17/2015,32.01
12/18/2015,25.241
12/19/2015,24.71
12/20/2015,88.691
12/21/2015,60.288
12/22/2015,37.012
12/23/2015,31.735
12/24/2015,25.241
12/25/2015,22.599
12/26/2015,24.18
12/27/2015,30.366
12/28/2015,39.266
12/29/2015,50.793
12/30/2015,13.467
12/31/2015,29.276
01/01/2016,32.01
01/02/2016,122.721
01/03/2016,164.767
01/04/2016,154.797
01/05/2016,127.701
01/06/2016,60.889
01/07/2016,39.549
01/08/2016,27.652
01/09/2016,28.733
01/10/2016,53.441
01/11/2016,76.158
01/12/2016,194.602
01/13/2016,440.973
01/14/2016,366.146
01/15/2016,303.934
01/16/2016,224.169
01/17/2016,148.218
01/18/2016,93.776
01/19/2016,55.512
01/20/2016,50.5
01/21/2016,46.133
01/22/2016,42.681
01/23/2016,38.983
01/24/2016,40.4
01/25/2016,38.418
01/26/2016,38.983
01/27/2016,38.983
01/28/2016,38.701
01/29/2016,55.216
01/30/2016,43.54
01/31/2016,30.639
02/01/2016,32.836
02/02/2016,31.186
02/03/2016,30.093
02/04/2016,28.463
02/05/2016,27.383
02/06/2016,27.114
02/07/2016,26.845
02/08/2016,69.076
02/09/2016,56.999
02/10/2016,26.042
02/11/2016,21.554
02/12/2016,21.034
02/13/2016,18.972
02/14/2016,22.599
02/15/2016,29.276
02/16/2016,61.189
02/17/2016,29.276
02/18/2016,29.005
02/19/2016,32.561
02/20/2016,27.652
02/21/2016,25.241
02/22/2016,26.845
02/23/2016,35.892
02/24/2016,42.109
02/25/2016,36.171
02/26/2016,31.735
02/27/2016,31.735
02/28/2016,36.171
02/29/2016,35.333
03/01/2016,31.186
03/02/2016,33.389
03/03/2016,41.823
03/04/2016,42.681
03/05/2016,46.133
03/06/2016,35.333
03/07/2016,27.383
03/08/2016,37.855
03/09/2016,48.455
03/10/2016,44.115
03/11/2016,37.292
03/12/2016,30.639
03/13/2016,32.836
03/14/2016,34.498
03/15/2016,26.309
03/16/2016,43.253
03/17/2016,34.776
03/18/2016,27.652
03/19/2016,24.71
03/20/2016,20.775
03/21/2016,21.554
03/22/2016,18.207
03/23/2016,17.193
03/24/2016,77.71
03/25/2016,60.288
03/26/2016,33.943
03/27/2016,23.915
03/28/2016,26.309
03/29/2016,22.599
03/30/2016,20.257
03/31/2016,17.699
04/01/2016,16.941
04/02/2016,15.937
04/03/2016,14.942
04/04/2016,14.942
04/05/2016,14.202
04/06/2016,13.467
04/07/2016,13.467
04/08/2016,13.467
04/09/2016,13.467
04/10/2016,13.467
04/11/2016,13.467
04/12/2016,13.467
04/13/2016,13.223
04/14/2016,12.737
04/15/2016,12.254
04/16/2016,11.534
04/17/2016,11.534
04/18/2016,11.534
04/19/2016,11.058
04/20/2016,10.821
04/21/2016,10.114
04/22/2016,9.879
04/23/2016,9.413
04/24/2016,8.95
04/25/2016,8.72
04/26/2016,8.72
04/27/2016,8.72
04/28/2016,9.413
04/29/2016,10.114
04/30/2016,10.821
05/01/2016,10.821
05/02/2016,10.584
05/03/2016,10.114
05/04/2016,10.114
05/05/2016,9.879
05/06/2016,9.646
05/07/2016,9.646
05/08/2016,9.181
05/09/2016,9.181
05/10/2016,10.114
05/11/2016,10.114
05/12/2016,9.879
05/13/2016,9.646
05/14/2016,9.646
05/15/2016,9.646
05/16/2016,9.646
05/17/2016,18.461
05/18/2016,14.448
05/19/2016,12.98
05/20/2016,18.461
05/21/2016,56.999
05/22/2016,80.827
05/23/2016,80.202
05/24/2016,78.644
05/25/2016,19.999
05/26/2016,17.952
05/27/2016,15.687
05/28/2016,12.98
05/29/2016,12.014
05/30/2016,20.775
05/31/2016,40.4
06/01/2016,39.832
06/02/2016,58.192
06/03/2016,91.229
06/04/2016,74.61
06/05/2016,88.375
06/06/2016,82.392
06/07/2016,107.952
06/08/2016,80.827
06/09/2016,46.712
06/10/2016,38.983
06/11/2016,33.666
06/12/2016,24.71
06/13/2016,22.337
06/14/2016,21.554
06/15/2016,20.516
06/16/2016,19.228
06/17/2016,18.207
06/18/2016,17.445
06/19/2016,17.445
06/20/2016,17.445
06/21/2016,17.445
06/22/2016,17.193
06/23/2016,16.689
06/24/2016,16.187
06/25/2016,15.937
06/26/2016,15.19
06/27/2016,14.942
06/28/2016,14.448
06/29/2016,13.956
06/30/2016,13.956
07/01/2016,13.956
07/02/2016,13.711
07/03/2016,13.223
07/04/2016,12.737
07/05/2016,12.495
07/06/2016,12.495
07/07/2016,12.495
07/08/2016,12.495
07/09/2016,12.495
07/10/2016,12.495
07/11/2016,12.254
07/12/2016,12.014
07/13/2016,12.014
07/14/2016,11.774
07/15/2016,11.534
07/16/2016,11.534
07/17/2016,11.534
07/18/2016,11.058
07/19/2016,11.058
07/20/2016,10.584
07/21/2016,10.584
07/22/2016,10.349
07/23/2016,10.114
07/24/2016,9.879
07/25/2016,9.646
07/26/2016,9.646
07/27/2016,9.413
07/28/2016,9.181
07/29/2016,8.95
07/30/2016,8.72
07/31/2016,8.72
08/01/2016,8.188
08/02/2016,8.188
08/03/2016,8.188
08/04/2016,8.07
08/05/2016,7.952
08/06/2016,7.952
08/07/2016,7.952
08/08/2016,7.952
08/09/2016,8.72
08/10/2016,8.49
08/11/2016,8.188
08/12/2016,8.188
08/13/2016,8.188
08/14/2016,8.188
08/15/2016,8.188
08/16/2016,8.07
08/17/2016,7.952
08/18/2016,7.952
08/19/2016,7.952
08/20/2016,7.952
08/21/2016,12.495
08/22/2016,12.254
08/23/2016,12.014
08/24/2016,10.821
08/25/2016,10.114
08/26/2016,8.188
08/27/2016,8.188
08/28/2016,8.188
08/29/2016,8.07
08/30/2016,7.952
08/31/2016,8.188
09/01/2016,8.07
09/02/2016,7.952
09/03/2016,7.952
09/04/2016,7.952
09/05/2016,7.835
09/06/2016,7.835
09/07/2016,10.114
09/08/2016,9.646
09/09/2016,9.181
09/10/2016,8.72
09/11/2016,8.188
09/12/2016,7.952
09/13/2016,7.718
09/14/2016,7.602
09/15/2016,7.486
09/16/2016,7.255
09/17/2016,7.255
09/18/2016,7.026
09/19/2016,7.026
09/20/2016,7.026
09/21/2016,7.026
09/22/2016,7.255
09/23/2016,7.026
09/24/2016,7.026
09/25/2016,7.026
09/26/2016,7.026
09/27/2016,7.026
09/28/2016,7.026
09/29/2016,7.255
09/30/2016,7.141
10/01/2016,7.026
10/02/2016,7.026
10/03/2016,7.026
10/04/2016,7.026
10/05/2016,7.026
10/06/2016,7.026
10/07/2016,7.026
10/08/2016,7.026
10/09/2016,7.026
10/10/2016,7.026
10/11/2016,7.026
10/12/2016,7.026
10/13/2016,8.72
10/14/2016,7.718
10/15/2016,7.255
10/16/2016,7.718
10/17/2016,7.952
10/18/2016,13.711
10/19/2016,10.821
10/20/2016,9.413
10/21/2016,8.72
10/22/2016,8.188
10/23/2016,8.188
10/24/2016,12.495
10/25/2016,17.699
10/26/2016,26.845
10/27/2016,42.967
10/28/2016,23.388
10/29/2016,12.838
10/30/2016,10.767
10/31/2016,9.786
11/01/2016,9.786
11/02/2016,9.309
11/03/2016,21.554
11/04/2016,13.559
11/05/2016,11.785
11/06/2016,11.442
11/07/2016,11.103
11/08/2016,10.767
11/09/2016,11.272
11/10/2016,15.937
11/11/2016,13.559
11/12/2016,13.017
11/13/2016,19.228
11/14/2016,104.706
11/15/2016,89.008
11/16/2016,82.392
11/17/2016,69.994
11/18/2016,59.089
11/19/2016,42.967
11/20/2016,30.366
11/21/2016,24.18
11/22/2016,20.257
11/23/2016,15.687
11/24/2016,18.972
11/25/2016,14.296
11/26/2016,11.785
11/27/2016,10.109
11/28/2016,14.111
11/29/2016,43.827
11/30/2016,28.733
12/01/2016,21.034
12/02/2016,16.941
12/03/2016,17.193
12/04/2016,24.71
12/05/2016,19.228
12/06/2016,13.559
12/07/2016,13.378
12/08/2016,19.999
12/09/2016,18.207
12/10/2016,34.776
12/11/2016,28.463
12/12/2016,21.294
12/13/2016,15.937
12/14/2016,12.483
12/15/2016,9.467
12/16/2016,8.233
12/17/2016,11.785
12/18/2016,11.613
12/19/2016,15.937
12/20/2016,19.485
12/21/2016,22.599
12/22/2016,30.639
12/23/2016,24.18
12/24/2016,30.639
12/25/2016,30.639
12/26/2016,26.845
12/27/2016,17.445
12/28/2016,17.193
12/29/2016,16.941
12/30/2016,15.937
12/31/2016,15.238
01/01/2017,15.048
01/02/2017,14.859
01/03/2017,14.111
01/04/2017,13.017
01/05/2017,11.442
01/06/2017,9.786
01/07/2017,9.626
01/08/2017,9.467
01/09/2017,9.309
01/10/2017,90.911
01/11/2017,93.457
01/12/2017,95.053
01/13/2017,78.644
01/14/2017,68.77
01/15/2017,62.997
01/16/2017,64.51
01/17/2017,70.914
01/18/2017,83.961
01/19/2017,91.229
01/20/2017,115.468
01/21/2017,148.947
01/22/2017,158.107
01/23/2017,132.373
01/24/2017,80.827
01/25/2017,69.382
01/26/2017,72.451
01/27/2017,89.008
01/28/2017,73.684
01/29/2017,43.54
01/30/2017,42.109
01/31/2017,41.538
02/01/2017,40.968
02/02/2017,39.832
02/03/2017,38.983
02/04/2017,36.451
02/05/2017,31.735
02/06/2017,30.912
02/07/2017,30.093
02/08/2017,29.276
02/09/2017,27.922
02/10/2017,25.241
02/11/2017,24.975
02/12/2017,24.71
02/13/2017,23.125
02/14/2017,21.554
02/15/2017,20.516
02/16/2017,18.972
02/17/2017,17.952
02/18/2017,17.445
02/19/2017,16.689
02/20/2017,15.43
02/21/2017,13.559
02/22/2017,13.926
02/23/2017,13.926
02/24/2017,13.559
02/25/2017,43.54
02/26/2017,49.622
02/27/2017,48.747
02/28/2017,41.253
03/01/2017,37.573
03/02/2017,30.639
03/03/2017,36.171
03/04/2017,50.207
03/05/2017,42.681
03/06/2017,35.892
03/07/2017,61.189
03/08/2017,53.441
03/09/2017,47.874
03/10/2017,48.747
03/11/2017,61.189
03/12/2017,59.089
03/13/2017,44.69
03/14/2017,25.508
03/15/2017,23.651
03/16/2017,22.599
03/17/2017,21.554
03/18/2017,19.999
03/19/2017,18.461
03/20/2017,17.445
03/21/2017,16.941
03/22/2017,16.689
03/23/2017,15.937
03/24/2017,15.048
03/25/2017,13.926
03/26/2017,13.197
03/27/2017,12.838
03/28/2017,12.483
03/29/2017,12.483
03/30/2017,12.483
03/31/2017,12.307
04/01/2017,12.132
04/02/2017,12.132
04/03/2017,12.132
04/04/2017,11.785
04/05/2017,11.785
04/06/2017,27.114
04/07/2017,24.445
04/08/2017,21.294
04/09/2017,17.445
04/10/2017,16.438
04/11/2017,16.438
04/12/2017,15.937
04/13/2017,15.43
04/14/2017,15.238
04/15/2017,15.048
04/16/2017,15.048
04/17/2017,14.67
04/18/2017,13.926
04/19/2017,13.378
04/20/2017,12.66
04/21/2017,11.613
04/22/2017,38.418
04/23/2017,25.508
04/24/2017,15.048
04/25/2017,18.972
04/26/2017,103.735
04/27/2017,68.465
04/28/2017,26.309
04/29/2017,18.207
04/30/2017,15.937
05/01/2017,14.296
05/02/2017,13.378
05/03/2017,13.017
05/04/2017,12.66
05/05/2017,14.296
05/06/2017,22.599
05/07/2017,20.40595395
05/08/2017,16.438
05/09/2017,16.438
05/10/2017,16.438
05/11/2017,16.438
05/12/2017,15.937
05/13/2017,15.687
05/14/2017,15.238
05/15/2017,13.559
05/16/2017,12.483
05/17/2017,11.958
05/18/2017,18.461
05/19/2017,104.706
05/20/2017,188.483
05/21/2017,151.135
05/22/2017,119.417
05/23/2017,59.688
05/24/2017,50.793
05/25/2017,34.221
05/26/2017,24.18
05/27/2017,20.775
05/28/2017,18.207
05/29/2017,15.937
05/30/2017,14.483
05/31/2017,13.559
06/01/2017,16.941
06/02/2017,16.187
06/03/2017,15.937
06/04/2017,15.43
06/05/2017,14.296
06/06/2017,13.197
06/07/2017,16.941
06/08/2017,16.438
06/09/2017,17.952
06/10/2017,17.699
06/11/2017,17.193
06/12/2017,16.689
06/13/2017,15.048
06/14/2017,14.296
06/15/2017,13.559
06/16/2017,12.838
06/17/2017,12.132
06/18/2017,11.613
06/19/2017,11.442
06/20/2017,11.442
06/21/2017,11.442
06/22/2017,11.442
06/23/2017,11.272
06/24/2017,11.103
06/25/2017,11.103
06/26/2017,10.935
06/27/2017,10.767
06/28/2017,10.601
06/29/2017,10.436
06/30/2017,10.109
07/01/2017,10.109
07/02/2017,9.947
07/03/2017,9.786
07/04/2017,9.626
07/05/2017,9.467
07/06/2017,9.467
07/07/2017,9.467
07/08/2017,9.467
07/09/2017,9.467
07/10/2017,9.467
07/11/2017,9.467
07/12/2017,9.467
07/13/2017,9.309
07/14/2017,9.152
07/15/2017,9.152
07/16/2017,9.152
07/17/2017,9.152
07/18/2017,9.152
07/19/2017,9.786
07/20/2017,9.786
07/21/2017,9.626
07/22/2017,9.467
07/23/2017,9.467
07/24/2017,9.467
07/25/2017,9.467
07/26/2017,9.467
07/27/2017,9.467
07/28/2017,9.309
07/29/2017,9.152
07/30/2017,9.152
07/31/2017,9.152
08/01/2017,9.152
08/02/2017,9.152
08/03/2017,9.152
08/04/2017,9.152
08/05/2017,9.152
08/06/2017,9.152
08/07/2017,9.152
08/08/2017,8.997
08/09/2017,8.997
08/10/2017,8.842
08/11/2017,8.842
08/12/2017,8.842
08/13/2017,8.997
08/14/2017,9.152
08/15/2017,9.467
08/16/2017,11.958
08/17/2017,12.483
08/18/2017,12.307
08/19/2017,12.307
08/20/2017,12.132
08/21/2017,12.132
08/22/2017,11.785
08/23/2017,11.442
08/24/2017,11.272
08/25/2017,10.935
08/26/2017,10.436
08/27/2017,9.786
08/28/2017,9.152
08/29/2017,8.842
08/30/2017,8.384
08/31/2017,7.935
09/01/2017,7.935
09/02/2017,7.788
09/03/2017,7.496
09/04/2017,7.352
09/05/2017,7.352
09/06/2017,7.067
09/07/2017,7.067
09/08/2017,6.787
09/09/2017,6.787
09/10/2017,6.648
09/11/2017,6.511
09/12/2017,6.511
09/13/2017,6.511
09/14/2017,6.511
09/15/2017,6.511
09/16/2017,6.511
09/17/2017,6.511
09/18/2017,6.511
09/19/2017,6.511
09/20/2017,6.511
09/21/2017,6.511
09/22/2017,6.511
09/23/2017,6.511
09/24/2017,6.511
09/25/2017,6.511
09/26/2017,6.511
09/27/2017,6.511
09/28/2017,6.511
09/29/2017,6.511
09/30/2017,12.838
10/01/2017,17.445
10/02/2017,12.838
10/03/2017,12.66
10/04/2017,12.483
10/05/2017,12.132
10/06/2017,11.103
10/07/2017,11.442
10/08/2017,9.947
10/09/2017,9.786
10/10/2017,9.786
10/11/2017,9.626
10/12/2017,9.467
10/13/2017,9.467
10/14/2017,9.467
10/15/2017,9.467
10/16/2017,9.467
10/17/2017,9.467
10/18/2017,9.467
10/19/2017,9.309
10/20/2017,9.152
10/21/2017,8.997
10/22/2017,8.535
10/23/2017,8.084
10/24/2017,7.788
10/25/2017,8.084
10/26/2017,11.613
10/27/2017,13.559
10/28/2017,15.687
10/29/2017,30.639
10/30/2017,26.845
10/31/2017,20.516
11/01/2017,12.838
11/02/2017,10.767
11/03/2017,12.838
11/04/2017,50.5
11/05/2017,69.382
11/06/2017,24.18
11/07/2017,14.296
11/08/2017,10.109
11/09/2017,9.626
11/10/2017,9.467
11/11/2017,9.467
11/12/2017,9.467
11/13/2017,11.442
11/14/2017,10.601
11/15/2017,10.272
11/16/2017,9.947
11/17/2017,11.785
11/18/2017,29.82
11/19/2017,38.136
11/20/2017,18.972
11/21/2017,12.838
11/22/2017,21.554
11/23/2017,17.193
11/24/2017,14.296
11/25/2017,12.838
11/26/2017,12.307
11/27/2017,11.785
11/28/2017,11.103
11/29/2017,9.786
11/30/2017,9.152
12/01/2017,9.152
12/02/2017,9.152
12/03/2017,9.152
12/04/2017,8.997
12/05/2017,8.842
12/06/2017,9.309
12/07/2017,11.103
12/08/2017,14.67
12/09/2017,12.132
12/10/2017,11.442
12/11/2017,11.272
12/12/2017,9.467
12/13/2017,8.688
12/14/2017,8.233
12/15/2017,8.233
12/16/2017,8.084
12/17/2017,7.935
12/18/2017,7.935
12/19/2017,10.436
12/20/2017,29.548
12/21/2017,26.042
12/22/2017,31.46
12/23/2017,24.18
12/24/2017,18.972
12/25/2017,15.43
12/26/2017,13.017
12/27/2017,12.132
12/28/2017,14.111
12/29/2017,30.639
12/30/2017,22.337
12/31/2017,32.01
01/01/2018,64.207
01/02/2018,43.253
01/03/2018,35.333
01/04/2018,29.82
01/05/2018,17.445
01/06/2018,29.276
01/07/2018,25.508
01/08/2018,24.445
01/09/2018,23.651
01/10/2018,26.845
01/11/2018,50.793
01/12/2018,66.331
01/13/2018,64.813
01/14/2018,61.791
01/15/2018,75.848
01/16/2018,167.744
01/17/2018,53.441
01/18/2018,46.712
01/19/2018,54.919
01/20/2018,39.549
01/21/2018,39.266
01/22/2018,38.418
01/23/2018,42.681
01/24/2018,65.723
01/25/2018,63.602
01/26/2018,56.999
01/27/2018,54.327
01/28/2018,48.164
01/29/2018,47.002
01/30/2018,51.967
01/31/2018,59.089
02/01/2018,39.549
02/02/2018,25.774
02/03/2018,18.972
02/04/2018,15.687
02/05/2018,14.111
02/06/2018,13.742
02/07/2018,13.559
02/08/2018,13.559
02/09/2018,13.559
02/10/2018,13.559
02/11/2018,13.197
02/12/2018,13.197
02/13/2018,13.378
02/14/2018,14.483
02/15/2018,36.451
02/16/2018,34.776
02/17/2018,29.82
02/18/2018,45.555
02/19/2018,38.136
02/20/2018,32.561
02/21/2018,21.034
02/22/2018,17.952
02/23/2018,15.937
02/24/2018,14.67
02/25/2018,14.67
02/26/2018,20.775
02/27/2018,77.71
02/28/2018,75.848
03/01/2018,77.399
03/02/2018,46.133
03/03/2018,42.681
03/04/2018,38.418
03/05/2018,35.055
03/06/2018,31.46
03/07/2018,32.01
03/08/2018,66.331
03/09/2018,40.4
03/10/2018,26.577
03/11/2018,23.125
03/12/2018,16.941
03/13/2018,41.538
03/14/2018,22.599
03/15/2018,18.207
03/16/2018,14.859
03/17/2018,20.257
03/18/2018,17.193
03/19/2018,14.67
03/20/2018,13.559
03/21/2018,13.559
03/22/2018,14.296
03/23/2018,15.048
03/24/2018,16.689
03/25/2018,18.461
03/26/2018,19.228
03/27/2018,16.941
03/28/2018,15.43
03/29/2018,24.71
03/30/2018,24.445
03/31/2018,20.516
04/01/2018,16.689
04/02/2018,14.859
04/03/2018,13.742
04/04/2018,16.187
04/05/2018,14.296
04/06/2018,13.559
04/07/2018,13.017
04/08/2018,11.958
04/09/2018,10.767
04/10/2018,10.272
04/11/2018,9.786
04/12/2018,9.786
04/13/2018,9.786
04/14/2018,9.786
04/15/2018,9.626
04/16/2018,9.467
04/17/2018,9.467
04/18/2018,9.467
04/19/2018,9.786
04/20/2018,10.436
04/21/2018,10.272
04/22/2018,10.109
04/23/2018,10.109
04/24/2018,10.109
04/25/2018,10.109
04/26/2018,10.109
04/27/2018,9.947
04/28/2018,9.786
04/29/2018,9.786
04/30/2018,9.786
05/01/2018,9.786
05/02/2018,9.786
05/03/2018,9.786
05/04/2018,9.467
05/05/2018,9.467
05/06/2018,9.467
05/07/2018,9.152
05/08/2018,9.152
05/09/2018,9.152
05/10/2018,9.152
05/11/2018,12.132
05/12/2018,11.785
05/13/2018,11.785
05/14/2018,11.272
05/15/2018,10.436
05/16/2018,10.109
05/17/2018,9.947
05/18/2018,9.786
05/19/2018,9.626
05/20/2018,9.467
05/21/2018,9.467
05/22/2018,9.309
05/23/2018,9.152
05/24/2018,9.152
05/25/2018,9.152
05/26/2018,9.152
05/27/2018,9.152
05/28/2018,9.152
05/29/2018,9.152
05/30/2018,9.152
05/31/2018,9.152
06/01/2018,9.467
06/02/2018,9.309
06/03/2018,9.152
06/04/2018,9.152
06/05/2018,9.152
06/06/2018,9.152
06/07/2018,9.152
06/08/2018,9.152
06/09/2018,9.152
06/10/2018,9.152
06/11/2018,9.152
06/12/2018,9.152
06/13/2018,9.152
06/14/2018,9.152
06/15/2018,9.152
06/16/2018,9.152
06/17/2018,9.152
06/18/2018,9.152
06/19/2018,9.152
06/20/2018,9.152
06/21/2018,8.997
06/22/2018,8.842
06/23/2018,8.842
06/24/2018,8.535
06/25/2018,8.233
06/26/2018,7.935
06/27/2018,7.642
06/28/2018,7.496
06/29/2018,7.352
06/30/2018,7.209
07/01/2018,7.067
07/02/2018,6.927
07/03/2018,6.787
07/04/2018,6.787
07/05/2018,6.787
07/06/2018,6.648
07/07/2018,6.511
07/08/2018,6.511
07/09/2018,6.511
07/10/2018,6.511
07/11/2018,6.375
07/12/2018,6.239
07/13/2018,6.239
07/14/2018,6.239
07/15/2018,6.239
07/16/2018,6.239
07/17/2018,6.239
07/18/2018,5.972
07/19/2018,5.972
07/20/2018,5.972
07/21/2018,5.972
07/22/2018,5.972
07/23/2018,5.972
07/24/2018,5.972
07/25/2018,5.972
07/26/2018,5.972
07/27/2018,5.972
07/28/2018,5.972
07/29/2018,5.972
07/30/2018,5.972
07/31/2018,6.648
08/01/2018,6.511
08/02/2018,7.642
08/03/2018,12.838
08/04/2018,32.561
08/05/2018,27.383
08/06/2018,25.241
08/07/2018,27.383
08/08/2018,25.774
08/09/2018,20.257
08/10/2018,12.132
08/11/2018,10.601
08/12/2018,9.467
08/13/2018,9.467
08/14/2018,9.309
08/15/2018,9.152
08/16/2018,9.152
08/17/2018,9.152
08/18/2018,9.152
08/19/2018,8.997
08/20/2018,8.842
08/21/2018,8.842
08/22/2018,8.842
08/23/2018,8.842
08/24/2018,8.842
08/25/2018,13.197
08/26/2018,11.785
08/27/2018,10.601
08/28/2018,7.935
08/29/2018,7.935
08/30/2018,7.642
08/31/2018,7.496
09/01/2018,7.352
09/02/2018,7.352
09/03/2018,7.352
09/04/2018,7.788
09/05/2018,8.842
09/06/2018,8.535
09/07/2018,8.233
09/08/2018,7.935
09/09/2018,7.935
09/10/2018,7.642
09/11/2018,7.352
09/12/2018,7.352
09/13/2018,7.352
09/14/2018,8.233
09/15/2018,9.786
09/16/2018,9.152
09/17/2018,8.997
09/18/2018,8.842
09/19/2018,9.309
09/20/2018,14.859
09/21/2018,16.187
09/22/2018,14.296
09/23/2018,12.132
09/24/2018,9.947
09/25/2018,8.233
09/26/2018,8.233
09/27/2018,8.233
09/28/2018,8.233
09/29/2018,8.233
09/30/2018,8.233
10/01/2018,8.233
10/02/2018,8.233
10/03/2018,8.233
10/04/2018,8.842
10/05/2018,8.535
10/06/2018,8.535
10/07/2018,13.197
10/08/2018,26.577
10/09/2018,44.69
10/10/2018,27.114
10/11/2018,37.855
10/12/2018,30.639
10/13/2018,21.034
10/14/2018,12.483
10/15/2018,10.272
10/16/2018,12.838
10/17/2018,11.442
10/18/2018,49.915
10/19/2018,35.892
10/20/2018,24.71
10/21/2018,19.485
10/22/2018,12.838
10/23/2018,8.997
10/24/2018,7.352
10/25/2018,14.483
10/26/2018,42.967
10/27/2018,36.731
10/28/2018,23.125
10/29/2018,14.859
10/30/2018,11.958
10/31/2018,10.272
11/01/2018,9.467
11/02/2018,8.688
11/03/2018,7.935
11/04/2018,8.084
11/05/2018,12.66
11/06/2018,11.958
11/07/2018,11.442
11/08/2018,11.613
11/09/2018,11.442
11/10/2018,10.272
11/11/2018,10.109
11/12/2018,9.467
11/13/2018,9.152
11/14/2018,8.688
11/15/2018,8.384
11/16/2018,8.233
11/17/2018,7.935
11/18/2018,7.496
11/19/2018,18.207
11/20/2018,12.838
11/21/2018,11.958
11/22/2018,10.436
11/23/2018,11.958
11/24/2018,35.892
11/25/2018,100.186
11/26/2018,50.793
11/27/2018,37.292
11/28/2018,17.193
11/29/2018,11.785
11/30/2018,11.103
12/01/2018,112.192
12/02/2018,59.688
12/03/2018,26.577
12/04/2018,22.862
12/05/2018,18.716
12/06/2018,15.687
12/07/2018,13.559
12/08/2018,11.958
12/09/2018,11.272
12/10/2018,13.926
12/11/2018,13.017
12/12/2018,10.601
12/13/2018,9.786
12/14/2018,9.786
12/15/2018,9.309
12/16/2018,8.688
12/17/2018,12.66
12/18/2018,10.935
12/19/2018,10.109
12/20/2018,10.109
12/21/2018,9.947
12/22/2018,9.786
12/23/2018,9.467
12/24/2018,8.842
12/25/2018,8.384
12/26/2018,8.084
12/27/2018,7.935
12/28/2018,7.788
12/29/2018,7.642
12/30/2018,7.642
12/31/2018,7.352
01/01/2019,8.084
01/02/2019,12.838
01/03/2019,11.613
01/04/2019,13.559
01/05/2019,16.187
01/06/2019,15.687
01/07/2019,15.238
01/08/2019,14.111
01/09/2019,14.111
01/10/2019,18.461
01/11/2019,20.775
01/12/2019,13.926
01/13/2019,30.366
01/14/2019,18.716
01/15/2019,15.43
01/16/2019,13.017
01/17/2019,12.838
01/18/2019,12.132
01/19/2019,14.67
01/20/2019,13.926
01/21/2019,13.197
01/22/2019,19.485
01/23/2019,93.457
01/24/2019,29.005
01/25/2019,22.862
01/26/2019,20.516
01/27/2019,18.972
01/28/2019,16.438
01/29/2019,13.559
01/30/2019,10.109
01/31/2019,10.109
02/01/2019,10.109
02/02/2019,9.947
02/03/2019,8.842
02/04/2019,131.036
02/05/2019,29.276
02/06/2019,24.445
02/07/2019,45.267
02/08/2019,38.983
02/09/2019,16.438
02/10/2019,13.559
02/11/2019,12.132
02/12/2019,18.716
02/13/2019,260.181
02/14/2019,111.211
02/15/2019,77.399
02/16/2019,53.736
02/17/2019,45.267
02/18/2019,32.285
02/19/2019,26.577
02/20/2019,22.862
02/21/2019,21.034
02/22/2019,21.034
02/23/2019,24.71
02/24/2019,32.561
02/25/2019,48.164
02/26/2019,54.919
02/27/2019,42.967
02/28/2019,66.94
03/01/2019,121.729
03/02/2019,94.734
03/03/2019,67.549
03/04/2019,42.109
03/05/2019,36.731
03/06/2019,25.241
03/07/2019,23.388
03/08/2019,34.776
03/09/2019,30.912
03/10/2019,36.171
03/11/2019,97.294
03/12/2019,88.375
03/13/2019,80.515
03/14/2019,89.959
03/15/2019,96.653
03/16/2019,117.769
03/17/2019,93.776
03/18/2019,70.914
03/19/2019,42.967
03/20/2019,32.836
03/21/2019,35.892
03/22/2019,31.46
03/23/2019,26.577
03/24/2019,22.076
03/25/2019,20.257
03/26/2019,18.207
03/27/2019,16.438
03/28/2019,16.438
03/29/2019,16.187
03/30/2019,15.687
03/31/2019,15.43
04/01/2019,15.238
04/02/2019,15.048
04/03/2019,14.67
04/04/2019,14.111
04/05/2019,13.926
04/06/2019,74.61
04/07/2019,88.375
04/08/2019,94.414
04/09/2019,68.465
04/10/2019,43.54
04/11/2019,27.383
04/12/2019,21.294
04/13/2019,17.445
04/14/2019,73.067
04/15/2019,67.549
04/16/2019,49.038
04/17/2019,30.639
04/18/2019,24.445
04/19/2019,21.294
04/20/2019,19.485
04/21/2019,17.445
04/22/2019,17.445
04/23/2019,17.193
04/24/2019,16.941
04/25/2019,16.941
04/26/2019,16.941
04/27/2019,16.438
04/28/2019,16.438
04/29/2019,30.093
04/30/2019,21.554
05/01/2019,21.554
05/02/2019,20.516
05/03/2019,19.228
05/04/2019,16.941
05/05/2019,14.296
05/06/2019,12.483
05/07/2019,11.785
05/08/2019,11.103
05/09/2019,10.436
05/10/2019,9.786
05/11/2019,9.786
05/12/2019,15.687
05/13/2019,13.742
05/14/2019,13.017
05/15/2019,12.838
05/16/2019,12.66
05/17/2019,12.132
05/18/2019,23.388
05/19/2019,21.034
05/20/2019,16.187
05/21/2019,13.378
05/22/2019,13.197
05/23/2019,12.838
05/24/2019,12.838
05/25/2019,12.838
05/26/2019,12.838
05/27/2019,12.838
05/28/2019,12.838
05/29/2019,12.66
05/30/2019,12.483
05/31/2019,12.483
06/01/2019,12.483
06/02/2019,12.483
06/03/2019,13.559
06/04/2019,13.197
06/05/2019,12.307
06/06/2019,12.132
06/07/2019,11.785
06/08/2019,11.785
06/09/2019,11.785
06/10/2019,11.442
06/11/2019,11.442
06/12/2019,11.103
06/13/2019,10.935
06/14/2019,10.767
06/15/2019,10.436
06/16/2019,9.947
06/17/2019,9.786
06/18/2019,9.467
06/19/2019,9.467
06/20/2019,9.152
06/21/2019,9.152
06/22/2019,9.152
06/23/2019,9.152
06/24/2019,9.152
06/25/2019,9.152
06/26/2019,9.152
06/27/2019,9.152
06/28/2019,9.152
06/29/2019,9.152
06/30/2019,9.152
07/01/2019,9.152
07/02/2019,9.152
07/03/2019,9.152
07/04/2019,9.152
07/05/2019,15.937
07/06/2019,13.742
07/07/2019,11.958
07/08/2019,10.935
07/09/2019,10.767
07/10/2019,13.926
07/11/2019,12.132
07/12/2019,10.601
07/13/2019,10.109
07/14/2019,9.467
07/15/2019,9.152
07/16/2019,9.152
07/17/2019,9.152
07/18/2019,9.786
07/19/2019,9.152
07/20/2019,9.152
07/21/2019,8.842
07/22/2019,8.688
07/23/2019,8.535
07/24/2019,8.384
07/25/2019,8.084
07/26/2019,7.935
07/27/2019,7.788
07/28/2019,7.642
07/29/2019,7.496
07/30/2019,7.352
07/31/2019,7.352
08/01/2019,7.642
08/02/2019,8.233
08/03/2019,9.152
08/04/2019,9.152
08/05/2019,9.152
08/06/2019,9.152
08/07/2019,9.152
08/08/2019,9.152
08/09/2019,9.152
08/10/2019,9.152
08/11/2019,9.152
08/12/2019,9.152
08/13/2019,9.152
08/14/2019,9.152
08/15/2019,9.152
08/16/2019,9.152
08/17/2019,9.152
08/18/2019,8.997
08/19/2019,8.842
08/20/2019,8.842
08/21/2019,8.842
08/22/2019,8.535
08/23/2019,8.535
08/24/2019,8.233
08/25/2019,8.084
08/26/2019,7.935
08/27/2019,7.496
08/28/2019,6.787
08/29/2019,6.511
08/30/2019,6.375
08/31/2019,6.239
09/01/2019,15.687
09/02/2019,18.461
09/03/2019,11.785
09/04/2019,9.467
09/05/2019,9.309
09/06/2019,8.997
09/07/2019,8.535
09/08/2019,8.233
09/09/2019,8.233
09/10/2019,8.084
09/11/2019,7.935
09/12/2019,7.642
09/13/2019,7.352
09/14/2019,7.067
09/15/2019,6.787
09/16/2019,6.787
09/17/2019,6.787
09/18/2019,6.511
09/19/2019,6.511
09/20/2019,6.375
09/21/2019,6.239
09/22/2019,6.239
09/23/2019,6.239
09/24/2019,6.239
09/25/2019,6.239
09/26/2019,6.239
09/27/2019,6.239
09/28/2019,6.239
09/29/2019,6.239
09/30/2019,6.239
10/01/2019,6.239
10/02/2019,6.239
10/03/2019,6.239
10/04/2019,6.239
10/05/2019,6.239
10/06/2019,6.239
10/07/2019,6.239
10/08/2019,6.239
10/09/2019,15.43
10/10/2019,9.786
10/11/2019,8.535
10/12/2019,7.642
10/13/2019,6.787
10/14/2019,6.239
10/15/2019,6.239
10/16/2019,6.239
10/17/2019,6.239
10/18/2019,6.239
10/19/2019,7.209
10/20/2019,10.109
10/21/2019,9.152
10/22/2019,8.842
10/23/2019,8.384
10/24/2019,8.233
10/25/2019,12.307
10/26/2019,9.626
10/27/2019,9.152
10/28/2019,8.233
10/29/2019,8.233
10/30/2019,9.786
10/31/2019,9.786
11/01/2019,9.467
11/02/2019,8.997
11/03/2019,7.935
11/04/2019,6.927
11/05/2019,6.105
11/06/2019,29.276
11/07/2019,13.378
11/08/2019,8.842
11/09/2019,7.935
11/10/2019,7.352
11/11/2019,7.067
11/12/2019,6.787
11/13/2019,6.648
11/14/2019,23.915
11/15/2019,14.859
11/16/2019,11.958
11/17/2019,9.786
11/18/2019,8.384
11/19/2019,8.233
11/20/2019,8.084
11/21/2019,7.935
11/22/2019,7.935
11/23/2019,9.152
11/24/2019,9.309
11/25/2019,19.999
11/26/2019,15.048
11/27/2019,11.958
11/28/2019,10.109
11/29/2019,9.152
11/30/2019,8.384
12/01/2019,12.307
12/02/2019,24.975
12/03/2019,13.559
12/04/2019,10.767
12/05/2019,28.733
12/06/2019,23.651
12/07/2019,16.689
12/08/2019,11.103
12/09/2019,9.626
12/10/2019,11.785
12/11/2019,35.333
12/12/2019,22.337
12/13/2019,16.941
12/14/2019,16.689
12/15/2019,16.438
12/16/2019,15.238
12/17/2019,14.859
12/18/2019,14.296
12/19/2019,14.111
12/20/2019,13.559
12/21/2019,13.017
12/22/2019,12.66
12/23/2019,12.483
12/24/2019,12.307
12/25/2019,13.017
12/26/2019,13.197
12/27/2019,12.483
12/28/2019,11.785
12/29/2019,11.103
12/30/2019,10.436
12/31/2019,9.786
